date_key,full_date,day,month,quarter,year,weekday,month_name
20260101,2026-01-01,1,1,1,2026,Thursday,January
20260102,2026-01-02,2,1,1,2026,Friday,January
20260103,2026-01-03,3,1,1,2026,Saturday,January
20260104,2026-01-04,4,1,1,2026,Sunday,January
20260105,2026-01-05,5,1,1,2026,Monday,January
20260106,2026-01-06,6,1,1,2026,Tuesday,January
20260107,2026-01-07,7,1,1,2026,Wednesday,January
20260108,2026-01-08,8,1,1,2026,Thursday,January
20260109,2026-01-09,9,1,1,2026,Friday,January
20260110,2026-01-10,10,1,1,2026,Saturday,January
20260111,2026-01-11,11,1,1,2026,Sunday,January
20260112,2026-01-12,12,1,1,2026,Monday,January
20260113,2026-01-13,13,1,1,2026,Tuesday,January
20260114,2026-01-14,14,1,1,2026,Wednesday,January
20260115,2026-01-15,15,1,1,2026,Thursday,January
20260116,2026-01-16,16,1,1,2026,Friday,January
20260117,2026-01-17,17,1,1,2026,Saturday,January
20260118,2026-01-18,18,1,1,2026,Sunday,January
20260119,2026-01-19,19,1,1,2026,Monday,January
20260120,2026-01-20,20,1,1,2026,Tuesday,January
20260121,2026-01-21,21,1,1,2026,Wednesday,January
20260122,2026-01-22,22,1,1,2026,Thursday,January
20260123,2026-01-23,23,1,1,2026,Friday,January
20260124,2026-01-24,24,1,1,2026,Saturday,January
20260125,2026-01-25,25,1,1,2026,Sunday,January
20260126,2026-01-26,26,1,1,2026,Monday,January
20260127,2026-01-27,27,1,1,2026,Tuesday,January
20260128,2026-01-28,28,1,1,2026,Wednesday,January
20260129,2026-01-29,29,1,1,2026,Thursday,January
20260130,2026-01-30,30,1,1,2026,Friday,January
20260131,2026-01-31,31,1,1,2026,Saturday,January
20260201,2026-02-01,1,2,1,2026,Sunday,February
20260202,2026-02-02,2,2,1,2026,Monday,February
20260203,2026-02-03,3,2,1,2026,Tuesday,February
20260204,2026-02-04,4,2,1,2026,Wednesday,February
20260205,2026-02-05,5,2,1,2026,Thursday,February
20260206,2026-02-06,6,2,1,2026,Friday,February
20260207,2026-02-07,7,2,1,2026,Saturday,February
20260208,2026-02-08,8,2,1,2026,Sunday,February
20260209,2026-02-09,9,2,1,2026,Monday,February
20260210,2026-02-10,10,2,1,2026,Tuesday,February
20260211,2026-02-11,11,2,1,2026,Wednesday,February
20260212,2026-02-12,12,2,1,2026,Thursday,February
20260213,2026-02-13,13,2,1,2026,Friday,February
20260214,2026-02-14,14,2,1,2026,Saturday,February
20260215,2026-02-15,15,2,1,2026,Sunday,February
20260216,2026-02-16,16,2,1,2026,Monday,February
20260217,2026-02-17,17,2,1,2026,Tuesday,February
20260218,2026-02-18,18,2,1,2026,Wednesday,February
20260219,2026-02-19,19,2,1,2026,Thursday,February
20260220,2026-02-20,20,2,1,2026,Friday,February
20260221,2026-02-21,21,2,1,2026,Saturday,February
20260222,2026-02-22,22,2,1,2026,Sunday,February
20260223,2026-02-23,23,2,1,2026,Monday,February
20260224,2026-02-24,24,2,1,2026,Tuesday,February
20260225,2026-02-25,25,2,1,2026,Wednesday,February
20260226,2026-02-26,26,2,1,2026,Thursday,February
20260227,2026-02-27,27,2,1,2026,Friday,February
20260228,2026-02-28,28,2,1,2026,Saturday,February
20260301,2026-03-01,1,3,1,2026,Sunday,March
20260302,2026-03-02,2,3,1,2026,Monday,March
20260303,2026-03-03,3,3,1,2026,Tuesday,March
20260304,2026-03-04,4,3,1,2026,Wednesday,March
20260305,2026-03-05,5,3,1,2026,Thursday,March
20260306,2026-03-06,6,3,1,2026,Friday,March
20260307,2026-03-07,7,3,1,2026,Saturday,March
20260308,2026-03-08,8,3,1,2026,Sunday,March
20260309,2026-03-09,9,3,1,2026,Monday,March
20260310,2026-03-10,10,3,1,2026,Tuesday,March
20260311,2026-03-11,11,3,1,2026,Wednesday,March
20260312,2026-03-12,12,3,1,2026,Thursday,March
20260313,2026-03-13,13,3,1,2026,Friday,March
20260314,2026-03-14,14,3,1,2026,Saturday,March
20260315,2026-03-15,15,3,1,2026,Sunday,March
20260316,2026-03-16,16,3,1,2026,Monday,March
20260317,2026-03-17,17,3,1,2026,Tuesday,March
20260318,2026-03-18,18,3,1,2026,Wednesday,March
20260319,2026-03-19,19,3,1,2026,Thursday,March
20260320,2026-03-20,20,3,1,2026,Friday,March
20260321,2026-03-21,21,3,1,2026,Saturday,March
20260322,2026-03-22,22,3,1,2026,Sunday,March
20260323,2026-03-23,23,3,1,2026,Monday,March
20260324,2026-03-24,24,3,1,2026,Tuesday,March
20260325,2026-03-25,25,3,1,2026,Wednesday,March
20260326,2026-03-26,26,3,1,2026,Thursday,March
20260327,2026-03-27,27,3,1,2026,Friday,March
20260328,2026-03-28,28,3,1,2026,Saturday,March
20260329,2026-03-29,29,3,1,2026,Sunday,March
20260330,2026-03-30,30,3,1,2026,Monday,March
20260331,2026-03-31,31,3,1,2026,Tuesday,March
20260401,2026-04-01,1,4,2,2026,Wednesday,April
20260402,2026-04-02,2,4,2,2026,Thursday,April
20260403,2026-04-03,3,4,2,2026,Friday,April
20260404,2026-04-04,4,4,2,2026,Saturday,April
20260405,2026-04-05,5,4,2,2026,Sunday,April
20260406,2026-04-06,6,4,2,2026,Monday,April
20260407,2026-04-07,7,4,2,2026,Tuesday,April
20260408,2026-04-08,8,4,2,2026,Wednesday,April
20260409,2026-04-09,9,4,2,2026,Thursday,April
20260410,2026-04-10,10,4,2,2026,Friday,April
20260411,2026-04-11,11,4,2,2026,Saturday,April
20260412,2026-04-12,12,4,2,2026,Sunday,April
20260413,2026-04-13,13,4,2,2026,Monday,April
20260414,2026-04-14,14,4,2,2026,Tuesday,April
20260415,2026-04-15,15,4,2,2026,Wednesday,April
20260416,2026-04-16,16,4,2,2026,Thursday,April
20260417,2026-04-17,17,4,2,2026,Friday,April
20260418,2026-04-18,18,4,2,2026,Saturday,April
20260419,2026-04-19,19,4,2,2026,Sunday,April
20260420,2026-04-20,20,4,2,2026,Monday,April
20260421,2026-04-21,21,4,2,2026,Tuesday,April
20260422,2026-04-22,22,4,2,2026,Wednesday,April
20260423,2026-04-23,23,4,2,2026,Thursday,April
20260424,2026-04-24,24,4,2,2026,Friday,April
20260425,2026-04-25,25,4,2,2026,Saturday,April
20260426,2026-04-26,26,4,2,2026,Sunday,April
20260427,2026-04-27,27,4,2,2026,Monday,April
20260428,2026-04-28,28,4,2,2026,Tuesday,April
20260429,2026-04-29,29,4,2,2026,Wednesday,April
20260430,2026-04-30,30,4,2,2026,Thursday,April
20260501,2026-05-01,1,5,2,2026,Friday,May
20260502,2026-05-02,2,5,2,2026,Saturday,May
20260503,2026-05-03,3,5,2,2026,Sunday,May
20260504,2026-05-04,4,5,2,2026,Monday,May
20260505,2026-05-05,5,5,2,2026,Tuesday,May
20260506,2026-05-06,6,5,2,2026,Wednesday,May
20260507,2026-05-07,7,5,2,2026,Thursday,May
20260508,2026-05-08,8,5,2,2026,Friday,May
20260509,2026-05-09,9,5,2,2026,Saturday,May
20260510,2026-05-10,10,5,2,2026,Sunday,May
20260511,2026-05-11,11,5,2,2026,Monday,May
20260512,2026-05-12,12,5,2,2026,Tuesday,May
20260513,2026-05-13,13,5,2,2026,Wednesday,May
20260514,2026-05-14,14,5,2,2026,Thursday,May
20260515,2026-05-15,15,5,2,2026,Friday,May
20260516,2026-05-16,16,5,2,2026,Saturday,May
20260517,2026-05-17,17,5,2,2026,Sunday,May
20260518,2026-05-18,18,5,2,2026,Monday,May
20260519,2026-05-19,19,5,2,2026,Tuesday,May
20260520,2026-05-20,20,5,2,2026,Wednesday,May
20260521,2026-05-21,21,5,2,2026,Thursday,May
20260522,2026-05-22,22,5,2,2026,Friday,May
20260523,2026-05-23,23,5,2,2026,Saturday,May
20260524,2026-05-24,24,5,2,2026,Sunday,May
20260525,2026-05-25,25,5,2,2026,Monday,May
20260526,2026-05-26,26,5,2,2026,Tuesday,May
20260527,2026-05-27,27,5,2,2026,Wednesday,May
20260528,2026-05-28,28,5,2,2026,Thursday,May
20260529,2026-05-29,29,5,2,2026,Friday,May
20260530,2026-05-30,30,5,2,2026,Saturday,May
20260531,2026-05-31,31,5,2,2026,Sunday,May
20260601,2026-06-01,1,6,2,2026,Monday,June
20260602,2026-06-02,2,6,2,2026,Tuesday,June
