order_id,customer_id,date_key,order_status,subtotal,shipping_fee,discount_amount,order_total,payment_method
1000,1133,20260101,da_huy,1440000.0,0.0,0.0,1440000.0,momo
1001,1131,20260101,da_huy,6900000.0,0.0,0.0,6900000.0,cod
1002,1134,20260101,dang_giao,460000.0,30000.0,46000.0,444000.0,momo
1003,1135,20260102,da_giao,2390000.0,0.0,0.0,2390000.0,momo
1004,1139,20260102,da_giao,630000.0,0.0,63000.0,567000.0,cod
1005,1045,20260102,cho_xac_nhan,1500000.0,0.0,0.0,1500000.0,momo
1006,1147,20260102,da_giao,1540000.0,0.0,50000.0,1490000.0,momo
1007,1133,20260102,da_giao,2040000.0,0.0,0.0,2040000.0,cod
1008,1138,20260103,da_giao,12880000.0,0.0,0.0,12880000.0,banking
1009,1129,20260103,dang_giao,13010000.0,0.0,0.0,13010000.0,momo
1010,1145,20260103,da_giao,5240000.0,0.0,0.0,5240000.0,momo
1011,1149,20260103,da_giao,2660000.0,0.0,266000.0,2394000.0,banking
1012,1148,20260104,dang_chuan_bi,780000.0,0.0,0.0,780000.0,cod
1013,1146,20260104,da_giao,9140000.0,0.0,0.0,9140000.0,cod
1014,1148,20260104,cho_xac_nhan,780000.0,0.0,78000.0,702000.0,banking
1015,1129,20260104,da_giao,1900000.0,0.0,0.0,1900000.0,cod
1016,1142,20260104,dang_chuan_bi,630000.0,0.0,0.0,630000.0,cod
1017,1145,20260104,da_giao,4250000.0,0.0,0.0,4250000.0,banking
1018,1144,20260105,dang_chuan_bi,2230000.0,0.0,0.0,2230000.0,cod
1019,1096,20260105,da_giao,4770000.0,0.0,0.0,4770000.0,cod
1020,1134,20260105,da_giao,2300000.0,0.0,0.0,2300000.0,cod
1021,1146,20260105,da_giao,5000000.0,0.0,0.0,5000000.0,cod
1022,1145,20260105,dang_giao,2840000.0,0.0,284000.0,2556000.0,cod
1023,1145,20260105,dang_giao,15860000.0,0.0,0.0,15860000.0,cod
1024,1142,20260105,cho_xac_nhan,8870000.0,0.0,887000.0,7983000.0,banking
1025,1134,20260105,dang_giao,8880000.0,0.0,0.0,8880000.0,cod
1026,1146,20260105,da_giao,4280000.0,0.0,50000.0,4230000.0,momo
1027,1139,20260105,da_giao,8140000.0,0.0,0.0,8140000.0,cod
1028,1148,20260105,da_giao,7825000.0,0.0,50000.0,7775000.0,cod
1029,1134,20260106,dang_giao,1020000.0,0.0,0.0,1020000.0,cod
1030,1130,20260106,da_giao,9420000.0,0.0,50000.0,9370000.0,cod
1031,1138,20260106,da_giao,10360000.0,0.0,1036000.0,9324000.0,banking
1032,1129,20260106,da_giao,1560000.0,0.0,50000.0,1510000.0,cod
1033,1129,20260106,dang_chuan_bi,2470000.0,0.0,247000.0,2223000.0,cod
1034,1136,20260106,cho_xac_nhan,13240000.0,0.0,0.0,13240000.0,cod
1035,1141,20260106,da_giao,1240000.0,0.0,0.0,1240000.0,cod
1036,1129,20260106,da_huy,4900000.0,0.0,0.0,4900000.0,cod
1037,1140,20260106,dang_giao,1280000.0,0.0,0.0,1280000.0,cod
1038,1033,20260107,da_giao,385000.0,30000.0,0.0,415000.0,cod
1039,1146,20260107,da_giao,5240000.0,0.0,524000.0,4716000.0,cod
1040,1140,20260107,da_giao,380000.0,30000.0,0.0,410000.0,cod
1041,1133,20260107,cho_xac_nhan,5000000.0,0.0,0.0,5000000.0,banking
1042,1128,20260108,dang_giao,13610000.0,0.0,1361000.0,12249000.0,cod
1043,1146,20260108,dang_giao,11420000.0,0.0,0.0,11420000.0,banking
1044,1147,20260108,da_giao,5000000.0,0.0,0.0,5000000.0,cod
1045,1142,20260108,da_giao,5040000.0,0.0,0.0,5040000.0,banking
1046,1105,20260109,da_giao,3700000.0,0.0,0.0,3700000.0,momo
1047,1134,20260109,da_giao,20280000.0,0.0,0.0,20280000.0,cod
1048,1144,20260109,dang_giao,2600000.0,0.0,260000.0,2340000.0,cod
1049,1018,20260109,dang_chuan_bi,1860000.0,0.0,0.0,1860000.0,cod
1050,1142,20260109,da_giao,15420000.0,0.0,0.0,15420000.0,banking
1051,1026,20260109,da_giao,5080000.0,0.0,0.0,5080000.0,banking
1052,1137,20260109,dang_chuan_bi,4260000.0,0.0,0.0,4260000.0,banking
1053,1143,20260109,da_giao,3140000.0,0.0,0.0,3140000.0,cod
1054,1000,20260110,da_giao,190000.0,30000.0,0.0,220000.0,cod
1055,1143,20260110,da_giao,2860000.0,0.0,286000.0,2574000.0,cod
1056,1128,20260110,da_giao,6480000.0,0.0,0.0,6480000.0,momo
1057,1149,20260110,da_giao,6290000.0,0.0,0.0,6290000.0,momo
1058,1129,20260110,da_giao,3640000.0,0.0,0.0,3640000.0,banking
1059,1029,20260110,cho_xac_nhan,9815000.0,0.0,0.0,9815000.0,cod
1060,1100,20260111,dang_chuan_bi,3840000.0,0.0,0.0,3840000.0,banking
1061,1148,20260111,da_giao,6360000.0,0.0,0.0,6360000.0,cod
1062,1145,20260111,da_giao,3235000.0,0.0,50000.0,3185000.0,cod
1063,1132,20260112,da_giao,2040000.0,0.0,0.0,2040000.0,cod
1064,1147,20260112,da_giao,720000.0,0.0,0.0,720000.0,banking
1065,1138,20260112,da_giao,3010000.0,0.0,0.0,3010000.0,banking
1066,1147,20260112,da_giao,530000.0,0.0,0.0,530000.0,cod
1067,1142,20260112,da_giao,2700000.0,0.0,0.0,2700000.0,banking
1068,1143,20260112,da_giao,8400000.0,0.0,0.0,8400000.0,cod
1069,1133,20260112,da_giao,1860000.0,0.0,0.0,1860000.0,momo
1070,1143,20260112,dang_chuan_bi,3580000.0,0.0,0.0,3580000.0,banking
1071,1043,20260113,dang_giao,3420000.0,0.0,342000.0,3078000.0,momo
1072,1140,20260113,da_giao,6460000.0,0.0,646000.0,5814000.0,cod
1073,1093,20260113,da_giao,2200000.0,0.0,50000.0,2150000.0,cod
1074,1141,20260113,da_giao,480000.0,30000.0,0.0,510000.0,cod
1075,1129,20260113,cho_xac_nhan,1900000.0,0.0,0.0,1900000.0,banking
1076,1082,20260114,da_giao,760000.0,0.0,50000.0,710000.0,banking
1077,1147,20260114,dang_giao,850000.0,0.0,0.0,850000.0,banking
1078,1135,20260114,da_giao,4360000.0,0.0,436000.0,3924000.0,momo
1079,1137,20260114,da_giao,7580000.0,0.0,0.0,7580000.0,cod
1080,1133,20260114,da_giao,4030000.0,0.0,0.0,4030000.0,cod
1081,1147,20260114,cho_xac_nhan,12400000.0,0.0,0.0,12400000.0,banking
1082,1138,20260114,da_giao,25580000.0,0.0,50000.0,25530000.0,cod
1083,1129,20260115,da_giao,7180000.0,0.0,0.0,7180000.0,momo
1084,1149,20260115,cho_xac_nhan,1870000.0,0.0,0.0,1870000.0,cod
1085,1140,20260115,da_giao,15420000.0,0.0,0.0,15420000.0,cod
1086,1140,20260115,da_giao,17560000.0,0.0,0.0,17560000.0,cod
1087,1133,20260115,da_huy,870000.0,0.0,0.0,870000.0,cod
1088,1148,20260115,da_giao,1450000.0,0.0,50000.0,1400000.0,banking
1089,1128,20260116,da_giao,6320000.0,0.0,0.0,6320000.0,cod
1090,1129,20260116,da_giao,7160000.0,0.0,50000.0,7110000.0,cod
1091,1147,20260116,cho_xac_nhan,1155000.0,0.0,0.0,1155000.0,cod
1092,1035,20260116,cho_xac_nhan,10900000.0,0.0,0.0,10900000.0,banking
1093,1135,20260116,da_huy,960000.0,0.0,50000.0,910000.0,cod
1094,1135,20260116,dang_chuan_bi,17510000.0,0.0,0.0,17510000.0,banking
1095,1132,20260116,cho_xac_nhan,3650000.0,0.0,50000.0,3600000.0,cod
1096,1130,20260116,da_giao,11620000.0,0.0,1162000.0,10458000.0,cod
1097,1133,20260117,da_giao,960000.0,0.0,0.0,960000.0,banking
1098,1006,20260117,da_giao,4550000.0,0.0,50000.0,4500000.0,momo
1099,1131,20260117,da_giao,1880000.0,0.0,0.0,1880000.0,momo
1100,1148,20260117,da_giao,13920000.0,0.0,1392000.0,12528000.0,cod
1101,1128,20260117,da_giao,2340000.0,0.0,234000.0,2106000.0,banking
1102,1130,20260117,da_giao,2340000.0,0.0,0.0,2340000.0,cod
1103,1143,20260117,dang_chuan_bi,900000.0,0.0,50000.0,850000.0,cod
1104,1140,20260117,da_giao,14850000.0,0.0,0.0,14850000.0,cod
1105,1148,20260117,da_giao,13880000.0,0.0,0.0,13880000.0,cod
1106,1130,20260118,da_giao,6100000.0,0.0,0.0,6100000.0,cod
1107,1135,20260118,dang_giao,2250000.0,0.0,0.0,2250000.0,cod
1108,1141,20260118,dang_chuan_bi,7695000.0,0.0,769500.0,6925500.0,cod
1109,1139,20260118,da_giao,10090000.0,0.0,0.0,10090000.0,cod
1110,1139,20260119,dang_giao,840000.0,0.0,0.0,840000.0,momo
1111,1133,20260119,da_huy,5040000.0,0.0,0.0,5040000.0,cod
1112,1135,20260119,dang_chuan_bi,3550000.0,0.0,355000.0,3195000.0,banking
1113,1046,20260119,da_giao,2160000.0,0.0,0.0,2160000.0,cod
1114,1130,20260119,da_giao,18930000.0,0.0,0.0,18930000.0,cod
1115,1143,20260119,da_giao,2550000.0,0.0,0.0,2550000.0,banking
1116,1131,20260119,da_giao,7560000.0,0.0,0.0,7560000.0,cod
1117,1133,20260119,da_giao,11610000.0,0.0,1161000.0,10449000.0,cod
1118,1138,20260120,da_giao,16160000.0,0.0,0.0,16160000.0,banking
1119,1149,20260120,da_giao,12000000.0,0.0,0.0,12000000.0,cod
1120,1058,20260120,da_giao,10650000.0,0.0,0.0,10650000.0,banking
1121,1141,20260120,da_giao,2570000.0,0.0,0.0,2570000.0,cod
1122,1142,20260120,cho_xac_nhan,12280000.0,0.0,0.0,12280000.0,cod
1123,1146,20260120,da_giao,890000.0,0.0,0.0,890000.0,cod
1124,1148,20260121,da_giao,14680000.0,0.0,0.0,14680000.0,cod
1125,1148,20260121,da_giao,8830000.0,0.0,0.0,8830000.0,banking
1126,1137,20260121,da_giao,11350000.0,0.0,50000.0,11300000.0,cod
1127,1144,20260121,da_giao,3780000.0,0.0,378000.0,3402000.0,banking
1128,1134,20260121,da_giao,2690000.0,0.0,0.0,2690000.0,banking
1129,1123,20260122,da_giao,8800000.0,0.0,0.0,8800000.0,banking
1130,1140,20260122,da_giao,9940000.0,0.0,0.0,9940000.0,cod
1131,1137,20260122,dang_chuan_bi,4250000.0,0.0,425000.0,3825000.0,cod
1132,1130,20260122,da_giao,2670000.0,0.0,0.0,2670000.0,cod
1133,1128,20260122,dang_giao,3140000.0,0.0,50000.0,3090000.0,cod
1134,1140,20260122,da_giao,1800000.0,0.0,0.0,1800000.0,banking
1135,1138,20260123,dang_chuan_bi,4960000.0,0.0,0.0,4960000.0,banking
1136,1136,20260123,da_giao,1920000.0,0.0,0.0,1920000.0,momo
1137,1131,20260123,dang_chuan_bi,11970000.0,0.0,50000.0,11920000.0,momo
1138,1146,20260123,da_giao,4220000.0,0.0,0.0,4220000.0,momo
1139,1141,20260123,da_huy,4340000.0,0.0,0.0,4340000.0,banking
1140,1128,20260123,da_giao,1260000.0,0.0,126000.0,1134000.0,momo
1141,1146,20260124,da_giao,4770000.0,0.0,0.0,4770000.0,banking
1142,1143,20260124,dang_giao,540000.0,0.0,0.0,540000.0,banking
1143,1137,20260124,da_giao,5675000.0,0.0,0.0,5675000.0,banking
1144,1131,20260124,da_giao,6320000.0,0.0,632000.0,5688000.0,cod
1145,1136,20260124,dang_chuan_bi,2320000.0,0.0,0.0,2320000.0,momo
1146,1136,20260124,dang_chuan_bi,6080000.0,0.0,0.0,6080000.0,banking
1147,1145,20260124,da_giao,4190000.0,0.0,419000.0,3771000.0,momo
1148,1136,20260125,da_giao,6300000.0,0.0,0.0,6300000.0,cod
1149,1130,20260125,da_giao,1970000.0,0.0,0.0,1970000.0,cod
1150,1145,20260125,da_giao,1100000.0,0.0,0.0,1100000.0,cod
1151,1120,20260125,da_giao,1680000.0,0.0,50000.0,1630000.0,banking
1152,1131,20260126,dang_giao,1050000.0,0.0,0.0,1050000.0,momo
1153,1145,20260126,da_giao,3320000.0,0.0,332000.0,2988000.0,banking
1154,1148,20260126,dang_chuan_bi,1050000.0,0.0,50000.0,1000000.0,banking
1155,1140,20260126,da_giao,5800000.0,0.0,0.0,5800000.0,banking
1156,1121,20260126,da_giao,420000.0,30000.0,0.0,450000.0,momo
1157,1137,20260126,da_giao,960000.0,0.0,0.0,960000.0,banking
1158,1148,20260126,da_giao,3200000.0,0.0,0.0,3200000.0,banking
1159,1111,20260126,dang_chuan_bi,1140000.0,0.0,0.0,1140000.0,cod
1160,1149,20260126,dang_chuan_bi,13160000.0,0.0,50000.0,13110000.0,banking
1161,1057,20260126,da_giao,26350000.0,0.0,0.0,26350000.0,cod
1162,1133,20260126,dang_giao,2020000.0,0.0,0.0,2020000.0,banking
1163,1137,20260127,da_giao,2250000.0,0.0,0.0,2250000.0,banking
1164,1143,20260127,cho_xac_nhan,5780000.0,0.0,0.0,5780000.0,banking
1165,1141,20260127,da_giao,230000.0,30000.0,0.0,260000.0,cod
1166,1130,20260127,da_giao,2640000.0,0.0,50000.0,2590000.0,banking
1167,1134,20260127,da_giao,980000.0,0.0,50000.0,930000.0,momo
1168,1144,20260127,da_giao,2670000.0,0.0,0.0,2670000.0,cod
1169,1147,20260128,dang_giao,5370000.0,0.0,0.0,5370000.0,cod
1170,1137,20260128,da_giao,2560000.0,0.0,0.0,2560000.0,momo
1171,1131,20260129,cho_xac_nhan,6200000.0,0.0,0.0,6200000.0,banking
1172,1145,20260129,da_giao,3520000.0,0.0,352000.0,3168000.0,momo
1173,1146,20260129,da_giao,15200000.0,0.0,0.0,15200000.0,cod
1174,1128,20260129,da_giao,220000.0,30000.0,50000.0,200000.0,banking
1175,1146,20260129,da_giao,5420000.0,0.0,0.0,5420000.0,cod
1176,1147,20260129,dang_giao,1960000.0,0.0,0.0,1960000.0,momo
1177,1149,20260129,cho_xac_nhan,6460000.0,0.0,0.0,6460000.0,momo
1178,1136,20260129,da_giao,8020000.0,0.0,0.0,8020000.0,banking
1179,1149,20260129,dang_chuan_bi,6720000.0,0.0,0.0,6720000.0,cod
1180,1129,20260129,da_giao,1360000.0,0.0,136000.0,1224000.0,banking
1181,1119,20260130,da_giao,22970000.0,0.0,2297000.0,20673000.0,banking
1182,1133,20260130,da_giao,820000.0,0.0,50000.0,770000.0,banking
1183,1128,20260130,da_huy,7030000.0,0.0,50000.0,6980000.0,cod
1184,1134,20260130,da_giao,11150000.0,0.0,0.0,11150000.0,cod
1185,1148,20260130,dang_chuan_bi,780000.0,0.0,50000.0,730000.0,cod
1186,1139,20260130,cho_xac_nhan,3090000.0,0.0,0.0,3090000.0,banking
1187,1131,20260130,da_giao,3880000.0,0.0,0.0,3880000.0,momo
1188,1112,20260130,dang_giao,12720000.0,0.0,1272000.0,11448000.0,banking
1189,1148,20260131,cho_xac_nhan,7960000.0,0.0,0.0,7960000.0,banking
1190,1138,20260131,da_giao,10050000.0,0.0,1005000.0,9045000.0,banking
1191,1138,20260131,da_giao,7390000.0,0.0,739000.0,6651000.0,momo
1192,1103,20260131,da_giao,10740000.0,0.0,0.0,10740000.0,momo
1193,1147,20260131,dang_chuan_bi,7560000.0,0.0,0.0,7560000.0,cod
1194,1130,20260131,da_giao,1020000.0,0.0,0.0,1020000.0,banking
1195,1116,20260131,da_giao,11310000.0,0.0,0.0,11310000.0,banking
1196,1147,20260131,da_giao,4560000.0,0.0,50000.0,4510000.0,cod
1197,1136,20260201,cho_xac_nhan,11700000.0,0.0,0.0,11700000.0,cod
1198,1148,20260201,da_giao,23450000.0,0.0,0.0,23450000.0,cod
1199,1148,20260201,dang_chuan_bi,6720000.0,0.0,0.0,6720000.0,cod
1200,1102,20260201,dang_giao,2770000.0,0.0,0.0,2770000.0,cod
1201,1135,20260202,da_giao,6780000.0,0.0,0.0,6780000.0,cod
1202,1130,20260202,da_huy,10470000.0,0.0,0.0,10470000.0,cod
1203,1128,20260202,da_giao,8080000.0,0.0,0.0,8080000.0,cod
1204,1140,20260202,dang_chuan_bi,7960000.0,0.0,0.0,7960000.0,momo
1205,1143,20260202,dang_chuan_bi,770000.0,0.0,0.0,770000.0,cod
1206,1138,20260202,da_giao,9640000.0,0.0,0.0,9640000.0,cod
1207,1120,20260202,dang_giao,14780000.0,0.0,0.0,14780000.0,momo
1208,1143,20260202,da_giao,10320000.0,0.0,0.0,10320000.0,cod
1209,1148,20260202,cho_xac_nhan,15660000.0,0.0,0.0,15660000.0,banking
1210,1131,20260203,da_giao,16740000.0,0.0,0.0,16740000.0,cod
1211,1138,20260203,da_giao,3750000.0,0.0,0.0,3750000.0,banking
1212,1096,20260203,da_giao,4370000.0,0.0,0.0,4370000.0,momo
1213,1142,20260203,dang_giao,8670000.0,0.0,867000.0,7803000.0,banking
1214,1143,20260203,da_giao,890000.0,0.0,0.0,890000.0,cod
1215,1131,20260203,dang_chuan_bi,6720000.0,0.0,0.0,6720000.0,momo
1216,1130,20260203,da_giao,1860000.0,0.0,50000.0,1810000.0,cod
1217,1127,20260203,da_giao,4020000.0,0.0,402000.0,3618000.0,cod
1218,1133,20260204,da_giao,8400000.0,0.0,50000.0,8350000.0,momo
1219,1134,20260204,da_giao,11470000.0,0.0,0.0,11470000.0,banking
1220,1143,20260204,dang_giao,2060000.0,0.0,0.0,2060000.0,cod
1221,1139,20260204,da_giao,9600000.0,0.0,0.0,9600000.0,cod
1222,1130,20260204,da_giao,12480000.0,0.0,0.0,12480000.0,banking
1223,1139,20260204,dang_chuan_bi,2980000.0,0.0,0.0,2980000.0,cod
1224,1145,20260205,da_giao,1680000.0,0.0,0.0,1680000.0,cod
1225,1146,20260205,da_giao,2990000.0,0.0,0.0,2990000.0,cod
1226,1132,20260205,dang_giao,9940000.0,0.0,0.0,9940000.0,momo
1227,1130,20260205,dang_giao,6930000.0,0.0,0.0,6930000.0,cod
1228,1147,20260205,da_giao,8670000.0,0.0,0.0,8670000.0,cod
1229,1140,20260206,da_giao,7890000.0,0.0,0.0,7890000.0,cod
1230,1148,20260206,da_giao,1240000.0,0.0,0.0,1240000.0,banking
1231,1139,20260206,cho_xac_nhan,2980000.0,0.0,50000.0,2930000.0,banking
1232,1138,20260206,da_giao,25115000.0,0.0,2511500.0,22603500.0,cod
1233,1143,20260206,dang_giao,6680000.0,0.0,50000.0,6630000.0,banking
1234,1141,20260206,da_giao,1020000.0,0.0,102000.0,918000.0,momo
1235,1147,20260206,da_giao,8495000.0,0.0,50000.0,8445000.0,cod
1236,1136,20260206,dang_giao,6800000.0,0.0,0.0,6800000.0,cod
1237,1135,20260207,da_giao,4180000.0,0.0,0.0,4180000.0,cod
1238,1078,20260207,da_giao,3400000.0,0.0,0.0,3400000.0,banking
1239,1143,20260207,da_giao,8520000.0,0.0,0.0,8520000.0,banking
1240,1132,20260207,da_giao,1320000.0,0.0,50000.0,1270000.0,banking
1241,1143,20260207,cho_xac_nhan,2620000.0,0.0,0.0,2620000.0,cod
1242,1146,20260207,dang_chuan_bi,690000.0,0.0,0.0,690000.0,cod
1243,1128,20260207,da_huy,2630000.0,0.0,263000.0,2367000.0,momo
1244,1143,20260207,cho_xac_nhan,210000.0,30000.0,50000.0,190000.0,banking
1245,1139,20260207,da_giao,7320000.0,0.0,0.0,7320000.0,cod
1246,1147,20260208,da_giao,2630000.0,0.0,0.0,2630000.0,banking
1247,1128,20260208,dang_chuan_bi,9240000.0,0.0,0.0,9240000.0,cod
1248,1124,20260208,da_giao,3460000.0,0.0,0.0,3460000.0,cod
1249,1075,20260208,da_giao,480000.0,30000.0,0.0,510000.0,cod
1250,1129,20260208,da_giao,480000.0,30000.0,0.0,510000.0,cod
1251,1129,20260208,da_giao,4190000.0,0.0,0.0,4190000.0,cod
1252,1149,20260209,dang_giao,7290000.0,0.0,0.0,7290000.0,cod
1253,1091,20260209,dang_giao,7040000.0,0.0,0.0,7040000.0,cod
1254,1113,20260209,da_giao,3350000.0,0.0,0.0,3350000.0,banking
1255,1139,20260209,da_huy,1860000.0,0.0,0.0,1860000.0,cod
1256,1131,20260209,da_giao,7290000.0,0.0,50000.0,7240000.0,momo
1257,1131,20260210,dang_chuan_bi,4560000.0,0.0,0.0,4560000.0,cod
1258,1145,20260210,dang_giao,1540000.0,0.0,0.0,1540000.0,cod
1259,1141,20260210,da_giao,1890000.0,0.0,0.0,1890000.0,cod
1260,1135,20260210,da_giao,10660000.0,0.0,50000.0,10610000.0,cod
1261,1142,20260210,da_giao,10560000.0,0.0,0.0,10560000.0,cod
1262,1105,20260210,dang_chuan_bi,2060000.0,0.0,0.0,2060000.0,banking
1263,1139,20260210,da_giao,4970000.0,0.0,0.0,4970000.0,banking
1264,1020,20260211,da_giao,1900000.0,0.0,0.0,1900000.0,cod
1265,1136,20260211,da_giao,5235000.0,0.0,523500.0,4711500.0,momo
1266,1147,20260211,dang_giao,7040000.0,0.0,0.0,7040000.0,cod
1267,1137,20260211,da_huy,18340000.0,0.0,0.0,18340000.0,momo
1268,1131,20260211,da_giao,2880000.0,0.0,0.0,2880000.0,banking
1269,1138,20260211,cho_xac_nhan,2360000.0,0.0,0.0,2360000.0,cod
1270,1130,20260211,da_giao,1740000.0,0.0,0.0,1740000.0,cod
1271,1141,20260212,da_giao,2080000.0,0.0,0.0,2080000.0,cod
1272,1134,20260212,da_giao,3130000.0,0.0,50000.0,3080000.0,cod
1273,1004,20260212,da_giao,1120000.0,0.0,50000.0,1070000.0,banking
1274,1072,20260212,da_giao,920000.0,0.0,0.0,920000.0,momo
1275,1144,20260212,dang_giao,8670000.0,0.0,0.0,8670000.0,cod
1276,1140,20260212,da_giao,3950000.0,0.0,0.0,3950000.0,cod
1277,1023,20260212,da_giao,6020000.0,0.0,602000.0,5418000.0,banking
1278,1133,20260212,dang_giao,16700000.0,0.0,0.0,16700000.0,banking
1279,1142,20260212,da_giao,750000.0,0.0,0.0,750000.0,momo
1280,1128,20260213,da_giao,6000000.0,0.0,0.0,6000000.0,banking
1281,1128,20260213,dang_chuan_bi,4170000.0,0.0,0.0,4170000.0,banking
1282,1149,20260213,da_giao,890000.0,0.0,50000.0,840000.0,cod
1283,1097,20260214,dang_chuan_bi,9870000.0,0.0,0.0,9870000.0,cod
1284,1147,20260214,dang_giao,385000.0,30000.0,0.0,415000.0,cod
1285,1143,20260214,da_giao,1340000.0,0.0,0.0,1340000.0,banking
1286,1131,20260214,da_giao,3560000.0,0.0,0.0,3560000.0,cod
1287,1139,20260214,cho_xac_nhan,3100000.0,0.0,0.0,3100000.0,cod
1288,1141,20260215,da_giao,2260000.0,0.0,0.0,2260000.0,banking
1289,1008,20260215,da_giao,890000.0,0.0,50000.0,840000.0,cod
1290,1137,20260215,da_giao,5000000.0,0.0,0.0,5000000.0,cod
1291,1147,20260215,da_giao,2200000.0,0.0,50000.0,2150000.0,momo
1292,1149,20260215,da_giao,1040000.0,0.0,0.0,1040000.0,cod
1293,1098,20260215,da_giao,1250000.0,0.0,0.0,1250000.0,cod
1294,1148,20260215,da_giao,1560000.0,0.0,0.0,1560000.0,banking
1295,1071,20260215,cho_xac_nhan,2840000.0,0.0,0.0,2840000.0,banking
1296,1121,20260215,dang_chuan_bi,7800000.0,0.0,0.0,7800000.0,cod
1297,1139,20260215,cho_xac_nhan,1240000.0,0.0,0.0,1240000.0,cod
1298,1094,20260215,da_giao,10360000.0,0.0,0.0,10360000.0,banking
1299,1147,20260215,da_giao,3590000.0,0.0,0.0,3590000.0,banking
1300,1146,20260215,da_giao,15480000.0,0.0,0.0,15480000.0,banking
1301,1140,20260215,dang_giao,3750000.0,0.0,0.0,3750000.0,momo
1302,1130,20260216,da_giao,920000.0,0.0,0.0,920000.0,cod
1303,1128,20260216,dang_chuan_bi,2080000.0,0.0,0.0,2080000.0,cod
1304,1145,20260216,dang_giao,10510000.0,0.0,50000.0,10460000.0,banking
1305,1142,20260216,da_giao,4780000.0,0.0,478000.0,4302000.0,banking
1306,1136,20260216,da_giao,3540000.0,0.0,50000.0,3490000.0,momo
1307,1140,20260216,dang_chuan_bi,1160000.0,0.0,50000.0,1110000.0,banking
1308,1138,20260217,da_giao,870000.0,0.0,0.0,870000.0,banking
1309,1137,20260217,da_giao,8270000.0,0.0,0.0,8270000.0,cod
1310,1031,20260217,dang_giao,920000.0,0.0,0.0,920000.0,cod
1311,1111,20260217,da_giao,12810000.0,0.0,1281000.0,11529000.0,momo
1312,1128,20260217,da_giao,1590000.0,0.0,0.0,1590000.0,banking
1313,1050,20260217,da_giao,12720000.0,0.0,0.0,12720000.0,cod
1314,1141,20260217,cho_xac_nhan,7040000.0,0.0,0.0,7040000.0,banking
1315,1135,20260217,da_giao,8120000.0,0.0,50000.0,8070000.0,momo
1316,1140,20260217,cho_xac_nhan,6100000.0,0.0,50000.0,6050000.0,cod
1317,1137,20260217,cho_xac_nhan,5800000.0,0.0,580000.0,5220000.0,banking
1318,1132,20260217,da_huy,3560000.0,0.0,0.0,3560000.0,cod
1319,1146,20260217,da_giao,1350000.0,0.0,0.0,1350000.0,banking
1320,1138,20260217,da_huy,3080000.0,0.0,0.0,3080000.0,banking
1321,1141,20260217,da_giao,420000.0,30000.0,0.0,450000.0,cod
1322,1135,20260218,da_giao,940000.0,0.0,0.0,940000.0,banking
1323,1132,20260218,da_giao,350000.0,30000.0,35000.0,345000.0,cod
1324,1134,20260218,cho_xac_nhan,7340000.0,0.0,0.0,7340000.0,momo
1325,1144,20260218,da_giao,2090000.0,0.0,0.0,2090000.0,cod
1326,1145,20260219,da_giao,3940000.0,0.0,0.0,3940000.0,cod
1327,1131,20260219,cho_xac_nhan,10350000.0,0.0,50000.0,10300000.0,momo
1328,1144,20260219,da_giao,1100000.0,0.0,0.0,1100000.0,cod
1329,1147,20260219,dang_giao,7300000.0,0.0,50000.0,7250000.0,banking
1330,1100,20260219,dang_giao,1050000.0,0.0,0.0,1050000.0,banking
1331,1044,20260220,dang_giao,1430000.0,0.0,0.0,1430000.0,banking
1332,1128,20260220,da_giao,12500000.0,0.0,0.0,12500000.0,cod
1333,1149,20260220,da_huy,3370000.0,0.0,337000.0,3033000.0,banking
1334,1146,20260220,da_giao,1540000.0,0.0,0.0,1540000.0,cod
1335,1148,20260220,dang_chuan_bi,16730000.0,0.0,50000.0,16680000.0,momo
1336,1135,20260220,da_giao,1400000.0,0.0,0.0,1400000.0,cod
1337,1060,20260220,dang_chuan_bi,6140000.0,0.0,0.0,6140000.0,cod
1338,1134,20260220,da_giao,4660000.0,0.0,0.0,4660000.0,cod
1339,1146,20260221,da_giao,1890000.0,0.0,50000.0,1840000.0,momo
1340,1128,20260221,da_giao,1280000.0,0.0,0.0,1280000.0,banking
1341,1133,20260221,da_giao,290000.0,30000.0,0.0,320000.0,cod
1342,1138,20260221,da_giao,780000.0,0.0,78000.0,702000.0,momo
1343,1149,20260221,cho_xac_nhan,19860000.0,0.0,50000.0,19810000.0,cod
1344,1148,20260221,cho_xac_nhan,1540000.0,0.0,0.0,1540000.0,cod
1345,1129,20260221,da_giao,9180000.0,0.0,0.0,9180000.0,banking
1346,1137,20260222,da_giao,6620000.0,0.0,0.0,6620000.0,momo
1347,1146,20260222,da_giao,13300000.0,0.0,0.0,13300000.0,cod
1348,1137,20260222,da_giao,1800000.0,0.0,50000.0,1750000.0,banking
1349,1103,20260222,da_giao,4790000.0,0.0,0.0,4790000.0,banking
1350,1133,20260222,da_giao,5480000.0,0.0,0.0,5480000.0,momo
1351,1130,20260222,dang_chuan_bi,385000.0,30000.0,50000.0,365000.0,cod
1352,1146,20260223,da_giao,9800000.0,0.0,0.0,9800000.0,cod
1353,1049,20260223,da_giao,2585000.0,0.0,0.0,2585000.0,cod
1354,1137,20260223,cho_xac_nhan,3660000.0,0.0,366000.0,3294000.0,banking
1355,1119,20260223,da_giao,1580000.0,0.0,158000.0,1422000.0,cod
1356,1131,20260223,da_giao,8940000.0,0.0,0.0,8940000.0,cod
1357,1128,20260223,da_giao,2670000.0,0.0,0.0,2670000.0,momo
1358,1142,20260223,da_giao,1950000.0,0.0,0.0,1950000.0,cod
1359,1039,20260224,da_giao,6650000.0,0.0,0.0,6650000.0,banking
1360,1145,20260224,cho_xac_nhan,780000.0,0.0,50000.0,730000.0,cod
1361,1130,20260224,da_giao,5080000.0,0.0,0.0,5080000.0,momo
1362,1148,20260224,da_giao,2200000.0,0.0,0.0,2200000.0,cod
1363,1148,20260224,da_giao,6430000.0,0.0,0.0,6430000.0,cod
1364,1136,20260224,da_giao,2290000.0,0.0,0.0,2290000.0,cod
1365,1145,20260225,dang_giao,13550000.0,0.0,0.0,13550000.0,cod
1366,1118,20260225,da_giao,3560000.0,0.0,50000.0,3510000.0,cod
1367,1146,20260225,cho_xac_nhan,3190000.0,0.0,0.0,3190000.0,cod
1368,1130,20260225,dang_chuan_bi,540000.0,0.0,0.0,540000.0,banking
1369,1131,20260225,da_giao,6490000.0,0.0,649000.0,5841000.0,momo
1370,1143,20260225,dang_giao,3560000.0,0.0,50000.0,3510000.0,momo
1371,1138,20260225,da_giao,4240000.0,0.0,0.0,4240000.0,momo
1372,1056,20260225,cho_xac_nhan,5540000.0,0.0,0.0,5540000.0,cod
1373,1135,20260225,da_giao,2640000.0,0.0,264000.0,2376000.0,banking
1374,1129,20260225,da_giao,3340000.0,0.0,50000.0,3290000.0,cod
1375,1135,20260226,dang_giao,1560000.0,0.0,0.0,1560000.0,cod
1376,1147,20260226,da_giao,1890000.0,0.0,0.0,1890000.0,cod
1377,1135,20260226,dang_chuan_bi,840000.0,0.0,0.0,840000.0,cod
1378,1140,20260226,da_giao,4240000.0,0.0,0.0,4240000.0,momo
1379,1011,20260226,da_giao,340000.0,30000.0,0.0,370000.0,cod
1380,1149,20260227,da_giao,1780000.0,0.0,0.0,1780000.0,momo
1381,1148,20260227,da_giao,1560000.0,0.0,0.0,1560000.0,cod
1382,1138,20260227,dang_chuan_bi,3300000.0,0.0,0.0,3300000.0,momo
1383,1131,20260227,dang_chuan_bi,640000.0,0.0,0.0,640000.0,cod
1384,1137,20260227,da_giao,1300000.0,0.0,0.0,1300000.0,banking
1385,1145,20260228,dang_giao,5620000.0,0.0,562000.0,5058000.0,cod
1386,1130,20260228,da_giao,640000.0,0.0,0.0,640000.0,cod
1387,1128,20260228,da_giao,11200000.0,0.0,0.0,11200000.0,cod
1388,1112,20260228,cho_xac_nhan,4400000.0,0.0,0.0,4400000.0,banking
1389,1149,20260301,dang_chuan_bi,13740000.0,0.0,0.0,13740000.0,banking
1390,1110,20260301,da_giao,13930000.0,0.0,0.0,13930000.0,cod
1391,1142,20260301,cho_xac_nhan,21560000.0,0.0,2156000.0,19404000.0,banking
1392,1144,20260301,da_giao,1020000.0,0.0,0.0,1020000.0,cod
1393,1134,20260301,da_giao,5260000.0,0.0,0.0,5260000.0,cod
1394,1149,20260301,da_giao,6920000.0,0.0,50000.0,6870000.0,cod
1395,1143,20260301,cho_xac_nhan,7730000.0,0.0,0.0,7730000.0,banking
1396,1036,20260302,da_giao,900000.0,0.0,0.0,900000.0,banking
1397,1134,20260302,da_giao,9580000.0,0.0,958000.0,8622000.0,momo
1398,1143,20260302,dang_chuan_bi,8110000.0,0.0,50000.0,8060000.0,banking
1399,1137,20260302,dang_giao,7930000.0,0.0,0.0,7930000.0,banking
1400,1128,20260302,da_giao,4500000.0,0.0,0.0,4500000.0,momo
1401,1137,20260303,da_giao,5670000.0,0.0,0.0,5670000.0,momo
1402,1145,20260303,da_giao,3120000.0,0.0,0.0,3120000.0,cod
1403,1108,20260303,da_huy,26360000.0,0.0,0.0,26360000.0,banking
1404,1144,20260303,dang_giao,15250000.0,0.0,50000.0,15200000.0,banking
1405,1144,20260303,da_huy,2340000.0,0.0,0.0,2340000.0,banking
1406,1139,20260303,da_giao,8050000.0,0.0,50000.0,8000000.0,banking
1407,1096,20260303,da_giao,2500000.0,0.0,0.0,2500000.0,momo
1408,1115,20260303,cho_xac_nhan,7080000.0,0.0,0.0,7080000.0,cod
1409,1019,20260303,da_huy,14980000.0,0.0,0.0,14980000.0,momo
1410,1138,20260304,da_giao,1560000.0,0.0,0.0,1560000.0,cod
1411,1136,20260304,da_giao,2410000.0,0.0,0.0,2410000.0,momo
1412,1123,20260304,da_giao,1010000.0,0.0,0.0,1010000.0,cod
1413,1135,20260304,da_giao,10480000.0,0.0,0.0,10480000.0,cod
1414,1145,20260304,dang_giao,420000.0,30000.0,0.0,450000.0,momo
1415,1144,20260304,da_giao,4900000.0,0.0,0.0,4900000.0,momo
1416,1146,20260304,dang_chuan_bi,3440000.0,0.0,0.0,3440000.0,banking
1417,1135,20260304,da_giao,13450000.0,0.0,0.0,13450000.0,banking
1418,1138,20260304,dang_chuan_bi,10430000.0,0.0,0.0,10430000.0,banking
1419,1102,20260305,da_giao,8500000.0,0.0,0.0,8500000.0,cod
1420,1133,20260305,da_giao,9200000.0,0.0,0.0,9200000.0,cod
1421,1140,20260305,cho_xac_nhan,1680000.0,0.0,0.0,1680000.0,cod
1422,1129,20260305,da_giao,5200000.0,0.0,520000.0,4680000.0,banking
1423,1109,20260306,cho_xac_nhan,960000.0,0.0,0.0,960000.0,cod
1424,1136,20260306,da_huy,1300000.0,0.0,0.0,1300000.0,cod
1425,1140,20260306,da_giao,9600000.0,0.0,0.0,9600000.0,banking
1426,1147,20260306,dang_giao,1920000.0,0.0,0.0,1920000.0,banking
1427,1147,20260306,da_giao,2670000.0,0.0,0.0,2670000.0,cod
1428,1147,20260306,da_giao,385000.0,30000.0,0.0,415000.0,banking
1429,1106,20260306,da_giao,3380000.0,0.0,0.0,3380000.0,banking
1430,1149,20260307,da_giao,1860000.0,0.0,50000.0,1810000.0,cod
1431,1037,20260307,da_giao,10990000.0,0.0,0.0,10990000.0,cod
1432,1132,20260307,da_giao,23660000.0,0.0,2366000.0,21294000.0,cod
1433,1086,20260307,da_giao,6450000.0,0.0,0.0,6450000.0,momo
1434,1131,20260307,cho_xac_nhan,4520000.0,0.0,0.0,4520000.0,momo
1435,1133,20260307,dang_giao,9600000.0,0.0,0.0,9600000.0,cod
1436,1135,20260307,da_giao,1240000.0,0.0,0.0,1240000.0,cod
1437,1142,20260308,da_giao,1420000.0,0.0,0.0,1420000.0,momo
1438,1144,20260308,da_giao,2000000.0,0.0,0.0,2000000.0,cod
1439,1052,20260308,da_giao,5540000.0,0.0,50000.0,5490000.0,banking
1440,1140,20260308,da_giao,680000.0,0.0,0.0,680000.0,cod
1441,1137,20260308,da_giao,4450000.0,0.0,445000.0,4005000.0,cod
1442,1135,20260309,dang_chuan_bi,1950000.0,0.0,50000.0,1900000.0,banking
1443,1094,20260309,cho_xac_nhan,10030000.0,0.0,0.0,10030000.0,cod
1444,1147,20260309,da_huy,1670000.0,0.0,0.0,1670000.0,cod
1445,1142,20260309,da_giao,1280000.0,0.0,0.0,1280000.0,cod
1446,1148,20260309,da_giao,15120000.0,0.0,0.0,15120000.0,cod
1447,1144,20260309,da_giao,340000.0,30000.0,50000.0,320000.0,cod
1448,1148,20260310,da_giao,9960000.0,0.0,0.0,9960000.0,cod
1449,1149,20260310,da_giao,15040000.0,0.0,0.0,15040000.0,banking
1450,1144,20260310,da_giao,6680000.0,0.0,668000.0,6012000.0,banking
1451,1141,20260310,dang_chuan_bi,5810000.0,0.0,0.0,5810000.0,momo
1452,1129,20260310,da_giao,1920000.0,0.0,0.0,1920000.0,momo
1453,1112,20260310,dang_giao,11960000.0,0.0,50000.0,11910000.0,momo
1454,1128,20260310,da_giao,2670000.0,0.0,0.0,2670000.0,banking
1455,1132,20260310,dang_giao,8200000.0,0.0,0.0,8200000.0,cod
1456,1134,20260311,da_giao,1280000.0,0.0,0.0,1280000.0,cod
1457,1132,20260311,da_giao,3200000.0,0.0,0.0,3200000.0,cod
1458,1117,20260311,da_giao,9600000.0,0.0,0.0,9600000.0,banking
1459,1134,20260311,da_giao,1600000.0,0.0,0.0,1600000.0,cod
1460,1134,20260311,cho_xac_nhan,2820000.0,0.0,282000.0,2538000.0,momo
1461,1133,20260311,da_giao,4720000.0,0.0,50000.0,4670000.0,momo
1462,1128,20260311,da_giao,23430000.0,0.0,0.0,23430000.0,cod
1463,1107,20260312,da_giao,2450000.0,0.0,245000.0,2205000.0,cod
1464,1128,20260312,da_giao,4880000.0,0.0,0.0,4880000.0,banking
1465,1131,20260312,da_huy,22300000.0,0.0,0.0,22300000.0,cod
1466,1143,20260312,da_giao,15590000.0,0.0,0.0,15590000.0,banking
1467,1137,20260313,da_giao,1900000.0,0.0,0.0,1900000.0,cod
1468,1055,20260313,da_giao,2200000.0,0.0,50000.0,2150000.0,momo
1469,1131,20260313,da_giao,6040000.0,0.0,0.0,6040000.0,banking
1470,1140,20260313,da_giao,340000.0,30000.0,0.0,370000.0,cod
1471,1132,20260313,da_giao,1560000.0,0.0,50000.0,1510000.0,momo
1472,1133,20260314,da_giao,14780000.0,0.0,50000.0,14730000.0,cod
1473,1109,20260314,dang_chuan_bi,4070000.0,0.0,0.0,4070000.0,cod
1474,1149,20260314,da_giao,4520000.0,0.0,0.0,4520000.0,momo
1475,1135,20260314,da_giao,6940000.0,0.0,0.0,6940000.0,cod
1476,1115,20260314,da_giao,5670000.0,0.0,50000.0,5620000.0,cod
1477,1128,20260314,cho_xac_nhan,6650000.0,0.0,0.0,6650000.0,banking
1478,1129,20260314,da_giao,385000.0,30000.0,50000.0,365000.0,banking
1479,1028,20260314,da_giao,5210000.0,0.0,0.0,5210000.0,banking
1480,1144,20260315,da_giao,3480000.0,0.0,0.0,3480000.0,cod
1481,1061,20260315,da_giao,5140000.0,0.0,0.0,5140000.0,cod
1482,1149,20260315,da_giao,540000.0,0.0,0.0,540000.0,cod
1483,1108,20260315,da_giao,5290000.0,0.0,50000.0,5240000.0,banking
1484,1091,20260315,da_giao,8750000.0,0.0,50000.0,8700000.0,banking
1485,1091,20260315,da_giao,2250000.0,0.0,0.0,2250000.0,cod
1486,1122,20260315,da_giao,3000000.0,0.0,300000.0,2700000.0,momo
1487,1148,20260315,da_giao,8020000.0,0.0,0.0,8020000.0,banking
1488,1143,20260316,da_giao,7940000.0,0.0,794000.0,7146000.0,cod
1489,1143,20260316,da_giao,800000.0,0.0,50000.0,750000.0,banking
1490,1149,20260316,dang_giao,7420000.0,0.0,0.0,7420000.0,banking
1491,1143,20260316,da_giao,6120000.0,0.0,0.0,6120000.0,banking
1492,1094,20260316,dang_chuan_bi,7560000.0,0.0,0.0,7560000.0,cod
1493,1137,20260316,da_huy,620000.0,0.0,0.0,620000.0,cod
1494,1106,20260317,da_giao,4350000.0,0.0,435000.0,3915000.0,banking
1495,1149,20260317,da_giao,8130000.0,0.0,0.0,8130000.0,cod
1496,1132,20260317,cho_xac_nhan,11760000.0,0.0,0.0,11760000.0,cod
1497,1132,20260317,da_giao,2480000.0,0.0,50000.0,2430000.0,cod
1498,1148,20260318,da_giao,6350000.0,0.0,0.0,6350000.0,cod
1499,1138,20260318,cho_xac_nhan,620000.0,0.0,62000.0,558000.0,cod
1500,1148,20260318,da_giao,11250000.0,0.0,1125000.0,10125000.0,momo
1501,1136,20260318,dang_chuan_bi,4680000.0,0.0,0.0,4680000.0,momo
1502,1120,20260318,cho_xac_nhan,10400000.0,0.0,0.0,10400000.0,banking
1503,1143,20260318,da_huy,11580000.0,0.0,0.0,11580000.0,cod
1504,1144,20260318,cho_xac_nhan,10480000.0,0.0,50000.0,10430000.0,momo
1505,1059,20260318,da_giao,1240000.0,0.0,0.0,1240000.0,momo
1506,1149,20260319,da_giao,8500000.0,0.0,0.0,8500000.0,cod
1507,1138,20260319,cho_xac_nhan,15950000.0,0.0,0.0,15950000.0,banking
1508,1001,20260319,dang_giao,7460000.0,0.0,0.0,7460000.0,cod
1509,1144,20260319,da_giao,5600000.0,0.0,50000.0,5550000.0,cod
1510,1131,20260319,da_giao,8860000.0,0.0,0.0,8860000.0,cod
1511,1131,20260320,cho_xac_nhan,5130000.0,0.0,0.0,5130000.0,cod
1512,1109,20260320,da_giao,22660000.0,0.0,2266000.0,20394000.0,cod
1513,1139,20260320,cho_xac_nhan,1500000.0,0.0,0.0,1500000.0,cod
1514,1134,20260320,da_giao,890000.0,0.0,0.0,890000.0,cod
1515,1130,20260320,da_huy,3140000.0,0.0,314000.0,2826000.0,banking
1516,1132,20260321,cho_xac_nhan,5770000.0,0.0,0.0,5770000.0,cod
1517,1147,20260321,da_giao,4280000.0,0.0,0.0,4280000.0,cod
1518,1146,20260321,dang_giao,13910000.0,0.0,0.0,13910000.0,momo
1519,1142,20260322,cho_xac_nhan,4350000.0,0.0,50000.0,4300000.0,banking
1520,1142,20260322,cho_xac_nhan,2270000.0,0.0,0.0,2270000.0,momo
1521,1117,20260322,da_giao,3110000.0,0.0,311000.0,2799000.0,cod
1522,1145,20260322,da_giao,8860000.0,0.0,0.0,8860000.0,cod
1523,1134,20260322,da_giao,11560000.0,0.0,0.0,11560000.0,banking
1524,1125,20260322,da_huy,5090000.0,0.0,0.0,5090000.0,momo
1525,1138,20260322,da_giao,6860000.0,0.0,0.0,6860000.0,momo
1526,1148,20260323,da_giao,700000.0,0.0,0.0,700000.0,banking
1527,1128,20260323,cho_xac_nhan,5310000.0,0.0,50000.0,5260000.0,banking
1528,1130,20260323,da_giao,11200000.0,0.0,0.0,11200000.0,cod
1529,1130,20260323,da_huy,720000.0,0.0,0.0,720000.0,banking
1530,1009,20260323,da_huy,10000000.0,0.0,0.0,10000000.0,cod
1531,1041,20260324,da_giao,13780000.0,0.0,0.0,13780000.0,cod
1532,1144,20260324,da_giao,1905000.0,0.0,0.0,1905000.0,banking
1533,1139,20260324,cho_xac_nhan,6600000.0,0.0,660000.0,5940000.0,banking
1534,1147,20260324,da_giao,8990000.0,0.0,0.0,8990000.0,banking
1535,1128,20260324,da_giao,880000.0,0.0,0.0,880000.0,cod
1536,1074,20260324,da_giao,4200000.0,0.0,0.0,4200000.0,banking
1537,1110,20260324,da_giao,690000.0,0.0,69000.0,621000.0,cod
1538,1135,20260325,dang_chuan_bi,5800000.0,0.0,50000.0,5750000.0,cod
1539,1138,20260325,da_giao,220000.0,30000.0,0.0,250000.0,banking
1540,1128,20260325,cho_xac_nhan,11220000.0,0.0,0.0,11220000.0,cod
1541,1128,20260325,cho_xac_nhan,3920000.0,0.0,0.0,3920000.0,momo
1542,1126,20260325,da_giao,750000.0,0.0,0.0,750000.0,cod
1543,1099,20260325,da_giao,1155000.0,0.0,0.0,1155000.0,banking
1544,1136,20260326,da_giao,3110000.0,0.0,0.0,3110000.0,momo
1545,1130,20260326,da_giao,17330000.0,0.0,0.0,17330000.0,cod
1546,1114,20260326,da_giao,2930000.0,0.0,50000.0,2880000.0,cod
1547,1143,20260326,da_giao,2610000.0,0.0,0.0,2610000.0,momo
1548,1129,20260326,da_giao,1700000.0,0.0,0.0,1700000.0,banking
1549,1129,20260326,dang_chuan_bi,1200000.0,0.0,120000.0,1080000.0,cod
1550,1141,20260326,da_giao,8980000.0,0.0,898000.0,8082000.0,cod
1551,1101,20260326,cho_xac_nhan,6690000.0,0.0,0.0,6690000.0,banking
1552,1129,20260326,da_giao,5310000.0,0.0,0.0,5310000.0,cod
1553,1142,20260327,da_giao,3480000.0,0.0,0.0,3480000.0,cod
1554,1123,20260327,dang_giao,5360000.0,0.0,536000.0,4824000.0,momo
1555,1148,20260327,da_giao,7910000.0,0.0,50000.0,7860000.0,momo
1556,1141,20260327,da_giao,2520000.0,0.0,0.0,2520000.0,cod
1557,1139,20260327,dang_chuan_bi,2430000.0,0.0,0.0,2430000.0,cod
1558,1129,20260328,da_giao,690000.0,0.0,0.0,690000.0,momo
1559,1132,20260328,da_giao,9235000.0,0.0,0.0,9235000.0,cod
1560,1149,20260329,da_giao,8670000.0,0.0,0.0,8670000.0,cod
1561,1128,20260329,da_huy,7030000.0,0.0,703000.0,6327000.0,banking
1562,1134,20260329,cho_xac_nhan,9020000.0,0.0,0.0,9020000.0,cod
1563,1140,20260329,cho_xac_nhan,6420000.0,0.0,642000.0,5778000.0,banking
1564,1130,20260329,da_huy,1160000.0,0.0,0.0,1160000.0,cod
1565,1129,20260329,da_giao,4280000.0,0.0,0.0,4280000.0,momo
1566,1139,20260329,da_giao,1040000.0,0.0,0.0,1040000.0,banking
1567,1145,20260329,da_giao,6160000.0,0.0,616000.0,5544000.0,cod
1568,1132,20260330,da_giao,1520000.0,0.0,50000.0,1470000.0,cod
1569,1014,20260330,dang_chuan_bi,9390000.0,0.0,50000.0,9340000.0,cod
1570,1005,20260330,da_giao,4890000.0,0.0,50000.0,4840000.0,banking
1571,1139,20260330,cho_xac_nhan,2550000.0,0.0,0.0,2550000.0,cod
1572,1133,20260330,da_giao,7840000.0,0.0,0.0,7840000.0,cod
1573,1145,20260331,cho_xac_nhan,6060000.0,0.0,0.0,6060000.0,momo
1574,1148,20260331,dang_giao,7840000.0,0.0,50000.0,7790000.0,momo
1575,1136,20260331,da_huy,1560000.0,0.0,0.0,1560000.0,cod
1576,1142,20260331,da_giao,5120000.0,0.0,0.0,5120000.0,momo
1577,1147,20260331,da_giao,4900000.0,0.0,0.0,4900000.0,cod
1578,1137,20260331,da_giao,13710000.0,0.0,0.0,13710000.0,momo
1579,1144,20260331,da_giao,1360000.0,0.0,50000.0,1310000.0,cod
1580,1136,20260331,da_huy,2830000.0,0.0,0.0,2830000.0,cod
1581,1134,20260401,da_giao,8880000.0,0.0,888000.0,7992000.0,banking
1582,1131,20260401,da_giao,2520000.0,0.0,0.0,2520000.0,momo
1583,1146,20260401,da_giao,8360000.0,0.0,0.0,8360000.0,cod
1584,1132,20260401,da_huy,16780000.0,0.0,50000.0,16730000.0,cod
1585,1149,20260401,da_giao,420000.0,30000.0,50000.0,400000.0,banking
1586,1128,20260401,da_giao,7560000.0,0.0,0.0,7560000.0,banking
1587,1138,20260402,da_huy,11200000.0,0.0,50000.0,11150000.0,cod
1588,1140,20260402,da_giao,840000.0,0.0,0.0,840000.0,momo
1589,1135,20260402,da_giao,8360000.0,0.0,0.0,8360000.0,cod
1590,1131,20260402,dang_chuan_bi,6750000.0,0.0,0.0,6750000.0,banking
1591,1132,20260402,da_giao,690000.0,0.0,0.0,690000.0,cod
1592,1135,20260403,dang_chuan_bi,19810000.0,0.0,0.0,19810000.0,banking
1593,1139,20260403,da_giao,6630000.0,0.0,0.0,6630000.0,momo
1594,1135,20260403,da_giao,1560000.0,0.0,50000.0,1510000.0,banking
1595,1148,20260403,da_giao,750000.0,0.0,0.0,750000.0,cod
1596,1134,20260403,da_giao,3400000.0,0.0,50000.0,3350000.0,cod
1597,1147,20260403,da_giao,8390000.0,0.0,0.0,8390000.0,banking
1598,1147,20260403,da_huy,3805000.0,0.0,50000.0,3755000.0,cod
1599,1144,20260404,da_giao,14120000.0,0.0,0.0,14120000.0,momo
1600,1141,20260404,da_giao,9840000.0,0.0,0.0,9840000.0,banking
1601,1133,20260404,dang_chuan_bi,5960000.0,0.0,50000.0,5910000.0,momo
1602,1143,20260405,dang_chuan_bi,12920000.0,0.0,1292000.0,11628000.0,banking
1603,1144,20260405,da_giao,13070000.0,0.0,0.0,13070000.0,cod
1604,1137,20260405,da_huy,6460000.0,0.0,50000.0,6410000.0,momo
1605,1149,20260405,cho_xac_nhan,11070000.0,0.0,0.0,11070000.0,cod
1606,1148,20260405,da_giao,6900000.0,0.0,0.0,6900000.0,cod
1607,1010,20260405,dang_chuan_bi,3680000.0,0.0,0.0,3680000.0,banking
1608,1146,20260406,da_giao,5280000.0,0.0,0.0,5280000.0,cod
1609,1132,20260406,cho_xac_nhan,340000.0,30000.0,0.0,370000.0,cod
1610,1147,20260406,da_giao,1410000.0,0.0,0.0,1410000.0,momo
1611,1047,20260406,da_giao,2200000.0,0.0,50000.0,2150000.0,momo
1612,1131,20260406,da_giao,650000.0,0.0,0.0,650000.0,banking
1613,1141,20260406,da_giao,9970000.0,0.0,50000.0,9920000.0,cod
1614,1137,20260406,dang_chuan_bi,2620000.0,0.0,0.0,2620000.0,cod
1615,1142,20260406,da_giao,4200000.0,0.0,0.0,4200000.0,banking
1616,1127,20260407,da_giao,2600000.0,0.0,0.0,2600000.0,cod
1617,1143,20260407,dang_chuan_bi,230000.0,30000.0,0.0,260000.0,cod
1618,1142,20260407,dang_chuan_bi,385000.0,30000.0,0.0,415000.0,momo
1619,1137,20260407,cho_xac_nhan,12960000.0,0.0,1296000.0,11664000.0,cod
1620,1137,20260407,da_giao,5740000.0,0.0,0.0,5740000.0,momo
1621,1131,20260407,da_giao,1100000.0,0.0,50000.0,1050000.0,banking
1622,1087,20260407,dang_giao,12900000.0,0.0,0.0,12900000.0,banking
1623,1129,20260408,da_giao,6720000.0,0.0,672000.0,6048000.0,banking
1624,1128,20260408,cho_xac_nhan,1680000.0,0.0,168000.0,1512000.0,cod
1625,1135,20260408,dang_chuan_bi,340000.0,30000.0,0.0,370000.0,momo
1626,1131,20260408,da_giao,7280000.0,0.0,0.0,7280000.0,momo
1627,1143,20260408,da_giao,4160000.0,0.0,0.0,4160000.0,cod
1628,1131,20260408,da_giao,4130000.0,0.0,0.0,4130000.0,momo
1629,1132,20260408,da_giao,920000.0,0.0,0.0,920000.0,momo
1630,1022,20260409,da_giao,2880000.0,0.0,288000.0,2592000.0,momo
1631,1137,20260409,dang_chuan_bi,16800000.0,0.0,0.0,16800000.0,cod
1632,1145,20260409,da_giao,2180000.0,0.0,0.0,2180000.0,banking
1633,1129,20260409,da_giao,840000.0,0.0,0.0,840000.0,banking
1634,1128,20260410,da_giao,11600000.0,0.0,0.0,11600000.0,cod
1635,1092,20260410,da_giao,890000.0,0.0,0.0,890000.0,cod
1636,1146,20260410,cho_xac_nhan,6420000.0,0.0,0.0,6420000.0,banking
1637,1129,20260410,da_giao,6030000.0,0.0,603000.0,5427000.0,cod
1638,1140,20260410,da_huy,3430000.0,0.0,50000.0,3380000.0,cod
1639,1142,20260410,da_giao,13680000.0,0.0,0.0,13680000.0,cod
1640,1042,20260410,da_giao,2940000.0,0.0,294000.0,2646000.0,cod
1641,1132,20260411,da_giao,3300000.0,0.0,0.0,3300000.0,banking
1642,1140,20260411,da_giao,1155000.0,0.0,50000.0,1105000.0,momo
1643,1131,20260411,da_giao,8500000.0,0.0,0.0,8500000.0,cod
1644,1132,20260411,da_giao,19000000.0,0.0,0.0,19000000.0,banking
1645,1130,20260412,da_giao,5340000.0,0.0,534000.0,4806000.0,cod
1646,1139,20260412,da_giao,1280000.0,0.0,0.0,1280000.0,momo
1647,1148,20260412,da_giao,8590000.0,0.0,0.0,8590000.0,momo
1648,1134,20260412,da_giao,2050000.0,0.0,0.0,2050000.0,momo
1649,1147,20260412,cho_xac_nhan,3320000.0,0.0,332000.0,2988000.0,banking
1650,1063,20260412,da_giao,10780000.0,0.0,1078000.0,9702000.0,cod
1651,1131,20260412,cho_xac_nhan,1260000.0,0.0,0.0,1260000.0,cod
1652,1147,20260412,cho_xac_nhan,5600000.0,0.0,50000.0,5550000.0,banking
1653,1138,20260413,da_giao,630000.0,0.0,0.0,630000.0,momo
1654,1139,20260413,da_giao,8720000.0,0.0,0.0,8720000.0,banking
1655,1136,20260413,da_giao,23870000.0,0.0,0.0,23870000.0,banking
1656,1146,20260413,da_giao,320000.0,30000.0,0.0,350000.0,cod
1657,1003,20260413,da_giao,780000.0,0.0,0.0,780000.0,cod
1658,1149,20260413,da_giao,5000000.0,0.0,50000.0,4950000.0,cod
1659,1142,20260413,da_giao,5240000.0,0.0,0.0,5240000.0,cod
1660,1137,20260413,da_giao,15580000.0,0.0,0.0,15580000.0,cod
1661,1131,20260413,da_giao,5670000.0,0.0,0.0,5670000.0,banking
1662,1133,20260413,dang_giao,8580000.0,0.0,0.0,8580000.0,cod
1663,1147,20260414,da_giao,3040000.0,0.0,50000.0,2990000.0,cod
1664,1099,20260414,dang_chuan_bi,890000.0,0.0,0.0,890000.0,cod
1665,1085,20260414,da_giao,8450000.0,0.0,0.0,8450000.0,cod
1666,1136,20260415,da_giao,2500000.0,0.0,0.0,2500000.0,cod
1667,1144,20260415,da_giao,1790000.0,0.0,179000.0,1611000.0,banking
1668,1146,20260415,dang_giao,190000.0,30000.0,0.0,220000.0,cod
1669,1147,20260415,dang_giao,1260000.0,0.0,0.0,1260000.0,cod
1670,1129,20260416,cho_xac_nhan,2540000.0,0.0,0.0,2540000.0,cod
1671,1141,20260416,da_giao,1410000.0,0.0,0.0,1410000.0,banking
1672,1144,20260416,da_giao,2720000.0,0.0,0.0,2720000.0,momo
1673,1138,20260416,dang_giao,4000000.0,0.0,0.0,4000000.0,banking
1674,1147,20260416,da_giao,1100000.0,0.0,0.0,1100000.0,cod
1675,1067,20260416,da_giao,7500000.0,0.0,750000.0,6750000.0,momo
1676,1128,20260416,da_giao,8225000.0,0.0,0.0,8225000.0,banking
1677,1139,20260416,da_huy,3170000.0,0.0,0.0,3170000.0,cod
1678,1136,20260416,cho_xac_nhan,7140000.0,0.0,0.0,7140000.0,cod
1679,1143,20260417,da_giao,6870000.0,0.0,687000.0,6183000.0,momo
1680,1030,20260417,dang_giao,3920000.0,0.0,0.0,3920000.0,cod
1681,1145,20260417,dang_giao,3120000.0,0.0,0.0,3120000.0,banking
1682,1135,20260417,da_giao,13760000.0,0.0,0.0,13760000.0,banking
1683,1146,20260417,da_giao,8700000.0,0.0,0.0,8700000.0,banking
1684,1135,20260417,cho_xac_nhan,7900000.0,0.0,50000.0,7850000.0,banking
1685,1146,20260418,dang_giao,12520000.0,0.0,0.0,12520000.0,banking
1686,1149,20260418,da_giao,2700000.0,0.0,50000.0,2650000.0,cod
1687,1065,20260418,da_giao,1350000.0,0.0,0.0,1350000.0,cod
1688,1142,20260418,da_giao,6020000.0,0.0,0.0,6020000.0,banking
1689,1134,20260418,da_giao,1350000.0,0.0,0.0,1350000.0,cod
1690,1133,20260418,dang_giao,1500000.0,0.0,0.0,1500000.0,banking
1691,1139,20260418,dang_giao,320000.0,30000.0,0.0,350000.0,cod
1692,1147,20260419,da_giao,7560000.0,0.0,0.0,7560000.0,banking
1693,1129,20260419,cho_xac_nhan,1960000.0,0.0,0.0,1960000.0,banking
1694,1145,20260419,da_giao,12620000.0,0.0,0.0,12620000.0,banking
1695,1141,20260419,da_giao,9140000.0,0.0,0.0,9140000.0,cod
1696,1132,20260419,dang_chuan_bi,2900000.0,0.0,0.0,2900000.0,cod
1697,1083,20260419,da_huy,5340000.0,0.0,0.0,5340000.0,cod
1698,1133,20260419,da_huy,5000000.0,0.0,0.0,5000000.0,momo
1699,1143,20260419,cho_xac_nhan,3180000.0,0.0,0.0,3180000.0,cod
1700,1143,20260420,dang_giao,2890000.0,0.0,0.0,2890000.0,cod
1701,1130,20260420,da_giao,13320000.0,0.0,0.0,13320000.0,cod
1702,1145,20260420,dang_giao,2890000.0,0.0,0.0,2890000.0,momo
1703,1133,20260420,dang_chuan_bi,6120000.0,0.0,50000.0,6070000.0,banking
1704,1130,20260420,da_giao,1500000.0,0.0,0.0,1500000.0,cod
1705,1128,20260420,dang_chuan_bi,3560000.0,0.0,356000.0,3204000.0,banking
1706,1137,20260420,da_giao,5780000.0,0.0,0.0,5780000.0,momo
1707,1148,20260420,cho_xac_nhan,2340000.0,0.0,234000.0,2106000.0,cod
1708,1134,20260420,da_giao,7560000.0,0.0,0.0,7560000.0,banking
1709,1129,20260420,da_giao,3870000.0,0.0,387000.0,3483000.0,momo
1710,1138,20260421,da_giao,3850000.0,0.0,0.0,3850000.0,momo
1711,1129,20260421,dang_giao,1240000.0,0.0,0.0,1240000.0,cod
1712,1144,20260421,dang_chuan_bi,3180000.0,0.0,50000.0,3130000.0,momo
1713,1140,20260421,dang_chuan_bi,1680000.0,0.0,0.0,1680000.0,cod
1714,1136,20260421,da_giao,280000.0,30000.0,0.0,310000.0,cod
1715,1089,20260421,da_giao,12870000.0,0.0,0.0,12870000.0,momo
1716,1134,20260421,da_giao,7110000.0,0.0,0.0,7110000.0,cod
1717,1077,20260421,da_giao,5700000.0,0.0,50000.0,5650000.0,momo
1718,1145,20260421,cho_xac_nhan,5480000.0,0.0,0.0,5480000.0,banking
1719,1134,20260421,da_giao,16870000.0,0.0,0.0,16870000.0,cod
1720,1146,20260421,da_giao,3580000.0,0.0,50000.0,3530000.0,cod
1721,1129,20260421,da_giao,6660000.0,0.0,50000.0,6610000.0,cod
1722,1140,20260422,da_giao,13810000.0,0.0,0.0,13810000.0,banking
1723,1137,20260422,da_giao,15740000.0,0.0,0.0,15740000.0,cod
1724,1128,20260422,da_giao,3000000.0,0.0,50000.0,2950000.0,cod
1725,1146,20260422,da_giao,650000.0,0.0,0.0,650000.0,cod
1726,1129,20260422,dang_chuan_bi,4100000.0,0.0,0.0,4100000.0,cod
1727,1079,20260422,cho_xac_nhan,7620000.0,0.0,762000.0,6858000.0,cod
1728,1136,20260423,dang_giao,13420000.0,0.0,0.0,13420000.0,cod
1729,1146,20260423,da_giao,2340000.0,0.0,0.0,2340000.0,cod
1730,1141,20260423,da_giao,2100000.0,0.0,0.0,2100000.0,banking
1731,1148,20260423,cho_xac_nhan,480000.0,30000.0,0.0,510000.0,cod
1732,1139,20260423,da_giao,2060000.0,0.0,0.0,2060000.0,cod
1733,1104,20260423,da_giao,3250000.0,0.0,0.0,3250000.0,momo
1734,1137,20260423,dang_giao,1480000.0,0.0,0.0,1480000.0,banking
1735,1130,20260423,da_giao,2640000.0,0.0,50000.0,2590000.0,cod
1736,1146,20260423,da_giao,2790000.0,0.0,0.0,2790000.0,cod
1737,1149,20260424,cho_xac_nhan,2320000.0,0.0,0.0,2320000.0,banking
1738,1130,20260424,da_giao,18110000.0,0.0,0.0,18110000.0,banking
1739,1146,20260424,da_giao,10260000.0,0.0,0.0,10260000.0,banking
1740,1129,20260425,da_giao,12355000.0,0.0,50000.0,12305000.0,banking
1741,1133,20260425,da_huy,6900000.0,0.0,690000.0,6210000.0,banking
1742,1147,20260425,da_giao,12760000.0,0.0,0.0,12760000.0,banking
1743,1137,20260425,da_giao,840000.0,0.0,0.0,840000.0,cod
1744,1130,20260425,da_giao,9480000.0,0.0,0.0,9480000.0,banking
1745,1129,20260425,da_giao,8470000.0,0.0,0.0,8470000.0,cod
1746,1105,20260426,dang_giao,2970000.0,0.0,0.0,2970000.0,cod
1747,1122,20260426,dang_giao,7560000.0,0.0,0.0,7560000.0,momo
1748,1104,20260426,da_giao,4180000.0,0.0,0.0,4180000.0,cod
1749,1130,20260426,da_giao,3590000.0,0.0,0.0,3590000.0,cod
1750,1126,20260426,dang_giao,11560000.0,0.0,50000.0,11510000.0,cod
1751,1143,20260426,da_giao,280000.0,30000.0,0.0,310000.0,momo
1752,1142,20260426,da_huy,4945000.0,0.0,0.0,4945000.0,cod
1753,1139,20260426,da_giao,12300000.0,0.0,50000.0,12250000.0,banking
1754,1015,20260426,da_giao,26000000.0,0.0,0.0,26000000.0,momo
1755,1149,20260427,da_huy,2180000.0,0.0,50000.0,2130000.0,banking
1756,1095,20260427,da_giao,2220000.0,0.0,222000.0,1998000.0,cod
1757,1133,20260427,cho_xac_nhan,8400000.0,0.0,50000.0,8350000.0,cod
1758,1140,20260427,da_giao,4920000.0,0.0,0.0,4920000.0,banking
1759,1139,20260427,da_giao,4940000.0,0.0,0.0,4940000.0,cod
1760,1129,20260427,da_giao,8970000.0,0.0,0.0,8970000.0,banking
1761,1118,20260427,da_giao,4450000.0,0.0,0.0,4450000.0,cod
1762,1116,20260427,da_giao,480000.0,30000.0,50000.0,460000.0,momo
1763,1148,20260428,da_giao,7800000.0,0.0,780000.0,7020000.0,cod
1764,1128,20260428,da_giao,1100000.0,0.0,50000.0,1050000.0,cod
1765,1132,20260428,da_giao,3960000.0,0.0,0.0,3960000.0,momo
1766,1142,20260429,dang_chuan_bi,12600000.0,0.0,1260000.0,11340000.0,cod
1767,1133,20260429,da_giao,13380000.0,0.0,0.0,13380000.0,banking
1768,1148,20260429,da_giao,15400000.0,0.0,0.0,15400000.0,cod
1769,1145,20260429,da_giao,1450000.0,0.0,0.0,1450000.0,cod
1770,1135,20260429,da_giao,2930000.0,0.0,0.0,2930000.0,cod
1771,1128,20260429,da_giao,2120000.0,0.0,0.0,2120000.0,cod
1772,1114,20260429,da_huy,1560000.0,0.0,0.0,1560000.0,cod
1773,1136,20260429,da_giao,520000.0,0.0,0.0,520000.0,momo
1774,1136,20260429,cho_xac_nhan,9180000.0,0.0,0.0,9180000.0,momo
1775,1117,20260429,cho_xac_nhan,360000.0,30000.0,36000.0,354000.0,cod
1776,1007,20260501,da_giao,10760000.0,0.0,0.0,10760000.0,cod
1777,1137,20260501,da_giao,4010000.0,0.0,0.0,4010000.0,cod
1778,1135,20260501,da_huy,13520000.0,0.0,50000.0,13470000.0,momo
1779,1135,20260501,da_giao,1860000.0,0.0,0.0,1860000.0,cod
1780,1115,20260501,da_giao,4200000.0,0.0,50000.0,4150000.0,momo
1781,1139,20260501,cho_xac_nhan,680000.0,0.0,0.0,680000.0,momo
1782,1140,20260502,da_giao,750000.0,0.0,0.0,750000.0,banking
1783,1135,20260502,da_giao,280000.0,30000.0,0.0,310000.0,cod
1784,1136,20260502,da_giao,14290000.0,0.0,0.0,14290000.0,cod
1785,1139,20260502,da_giao,14350000.0,0.0,1435000.0,12915000.0,cod
1786,1138,20260503,da_giao,6640000.0,0.0,0.0,6640000.0,banking
1787,1138,20260503,cho_xac_nhan,6310000.0,0.0,0.0,6310000.0,banking
1788,1149,20260503,da_giao,4350000.0,0.0,0.0,4350000.0,cod
1789,1145,20260503,dang_giao,5100000.0,0.0,510000.0,4590000.0,cod
1790,1103,20260503,da_giao,9405000.0,0.0,0.0,9405000.0,cod
1791,1143,20260503,da_giao,1920000.0,0.0,0.0,1920000.0,cod
1792,1143,20260503,dang_chuan_bi,13730000.0,0.0,0.0,13730000.0,banking
1793,1142,20260503,da_giao,2800000.0,0.0,0.0,2800000.0,cod
1794,1147,20260504,da_giao,2890000.0,0.0,50000.0,2840000.0,banking
1795,1013,20260504,da_giao,480000.0,30000.0,50000.0,460000.0,banking
1796,1145,20260504,da_giao,640000.0,0.0,0.0,640000.0,cod
1797,1131,20260504,da_giao,6900000.0,0.0,0.0,6900000.0,cod
1798,1134,20260504,da_giao,6370000.0,0.0,637000.0,5733000.0,banking
1799,1051,20260504,cho_xac_nhan,6360000.0,0.0,0.0,6360000.0,momo
1800,1128,20260504,dang_giao,385000.0,30000.0,38500.0,376500.0,cod
1801,1092,20260504,da_giao,21450000.0,0.0,0.0,21450000.0,momo
1802,1144,20260504,da_giao,6640000.0,0.0,664000.0,5976000.0,cod
1803,1132,20260504,da_giao,3300000.0,0.0,0.0,3300000.0,cod
1804,1136,20260504,da_giao,7660000.0,0.0,0.0,7660000.0,cod
1805,1144,20260504,da_giao,1280000.0,0.0,0.0,1280000.0,banking
1806,1133,20260505,da_giao,2480000.0,0.0,0.0,2480000.0,momo
1807,1054,20260505,da_giao,5750000.0,0.0,0.0,5750000.0,cod
1808,1143,20260505,da_huy,2160000.0,0.0,0.0,2160000.0,momo
1809,1148,20260506,dang_giao,2890000.0,0.0,0.0,2890000.0,cod
1810,1134,20260506,da_giao,630000.0,0.0,50000.0,580000.0,cod
1811,1113,20260506,cho_xac_nhan,8040000.0,0.0,804000.0,7236000.0,momo
1812,1133,20260506,da_giao,3640000.0,0.0,0.0,3640000.0,cod
1813,1132,20260506,da_giao,3730000.0,0.0,50000.0,3680000.0,momo
1814,1143,20260506,da_giao,3480000.0,0.0,50000.0,3430000.0,banking
1815,1102,20260506,da_giao,2040000.0,0.0,0.0,2040000.0,banking
1816,1137,20260507,da_giao,4225000.0,0.0,0.0,4225000.0,cod
1817,1128,20260507,da_giao,8735000.0,0.0,0.0,8735000.0,banking
1818,1142,20260507,da_huy,7930000.0,0.0,0.0,7930000.0,cod
1819,1116,20260507,da_giao,5180000.0,0.0,50000.0,5130000.0,cod
1820,1133,20260507,dang_giao,4840000.0,0.0,0.0,4840000.0,cod
1821,1140,20260507,da_giao,1330000.0,0.0,0.0,1330000.0,banking
1822,1129,20260507,da_giao,620000.0,0.0,50000.0,570000.0,banking
1823,1133,20260507,dang_giao,4730000.0,0.0,0.0,4730000.0,banking
1824,1135,20260507,da_giao,11020000.0,0.0,0.0,11020000.0,banking
1825,1128,20260507,da_giao,2340000.0,0.0,0.0,2340000.0,momo
1826,1128,20260507,cho_xac_nhan,11770000.0,0.0,1177000.0,10593000.0,cod
1827,1144,20260507,da_giao,3040000.0,0.0,0.0,3040000.0,cod
1828,1130,20260508,da_giao,3120000.0,0.0,312000.0,2808000.0,banking
1829,1144,20260508,dang_giao,11460000.0,0.0,1146000.0,10314000.0,cod
1830,1134,20260508,da_huy,12370000.0,0.0,0.0,12370000.0,cod
1831,1136,20260508,dang_giao,3680000.0,0.0,0.0,3680000.0,cod
1832,1142,20260509,da_giao,13700000.0,0.0,1370000.0,12330000.0,momo
1833,1135,20260509,dang_chuan_bi,650000.0,0.0,0.0,650000.0,banking
1834,1146,20260510,dang_chuan_bi,4330000.0,0.0,0.0,4330000.0,momo
1835,1147,20260510,da_giao,3560000.0,0.0,356000.0,3204000.0,cod
1836,1138,20260510,cho_xac_nhan,460000.0,30000.0,50000.0,440000.0,momo
1837,1129,20260510,da_giao,2240000.0,0.0,0.0,2240000.0,cod
1838,1070,20260510,da_giao,4890000.0,0.0,0.0,4890000.0,cod
1839,1130,20260510,da_giao,1790000.0,0.0,0.0,1790000.0,cod
1840,1146,20260510,da_giao,5000000.0,0.0,0.0,5000000.0,cod
1841,1066,20260510,da_giao,3980000.0,0.0,0.0,3980000.0,momo
1842,1137,20260511,da_huy,6770000.0,0.0,0.0,6770000.0,banking
1843,1130,20260511,da_giao,4060000.0,0.0,0.0,4060000.0,momo
1844,1144,20260511,da_giao,8400000.0,0.0,0.0,8400000.0,cod
1845,1128,20260511,da_giao,6720000.0,0.0,672000.0,6048000.0,banking
1846,1129,20260511,da_giao,1240000.0,0.0,124000.0,1116000.0,banking
1847,1038,20260511,dang_chuan_bi,620000.0,0.0,0.0,620000.0,banking
1848,1134,20260512,da_giao,4950000.0,0.0,495000.0,4455000.0,banking
1849,1149,20260512,da_giao,4060000.0,0.0,0.0,4060000.0,momo
1850,1148,20260512,da_giao,11080000.0,0.0,0.0,11080000.0,momo
1851,1124,20260512,dang_chuan_bi,720000.0,0.0,72000.0,648000.0,cod
1852,1133,20260512,dang_chuan_bi,13050000.0,0.0,0.0,13050000.0,cod
1853,1140,20260512,dang_chuan_bi,7180000.0,0.0,50000.0,7130000.0,cod
1854,1142,20260512,da_giao,11640000.0,0.0,0.0,11640000.0,momo
1855,1090,20260513,da_giao,960000.0,0.0,0.0,960000.0,cod
1856,1142,20260513,da_giao,5400000.0,0.0,50000.0,5350000.0,cod
1857,1081,20260513,da_giao,5570000.0,0.0,0.0,5570000.0,momo
1858,1147,20260513,da_giao,320000.0,30000.0,32000.0,318000.0,banking
1859,1133,20260513,cho_xac_nhan,26400000.0,0.0,0.0,26400000.0,banking
1860,1137,20260514,da_huy,2180000.0,0.0,0.0,2180000.0,banking
1861,1126,20260514,cho_xac_nhan,18600000.0,0.0,0.0,18600000.0,banking
1862,1137,20260514,cho_xac_nhan,920000.0,0.0,0.0,920000.0,cod
1863,1149,20260514,dang_giao,7160000.0,0.0,0.0,7160000.0,cod
1864,1032,20260514,da_giao,1160000.0,0.0,50000.0,1110000.0,banking
1865,1142,20260515,da_giao,14570000.0,0.0,0.0,14570000.0,cod
1866,1125,20260515,dang_giao,9120000.0,0.0,0.0,9120000.0,cod
1867,1147,20260515,da_giao,3430000.0,0.0,50000.0,3380000.0,cod
1868,1135,20260515,da_giao,6970000.0,0.0,0.0,6970000.0,momo
1869,1140,20260515,da_giao,3060000.0,0.0,0.0,3060000.0,cod
1870,1138,20260515,cho_xac_nhan,11200000.0,0.0,50000.0,11150000.0,banking
1871,1134,20260515,dang_chuan_bi,12540000.0,0.0,0.0,12540000.0,banking
1872,1149,20260515,da_giao,5800000.0,0.0,0.0,5800000.0,banking
1873,1088,20260516,cho_xac_nhan,1680000.0,0.0,0.0,1680000.0,momo
1874,1021,20260516,cho_xac_nhan,1500000.0,0.0,0.0,1500000.0,cod
1875,1141,20260516,da_giao,11060000.0,0.0,0.0,11060000.0,cod
1876,1148,20260516,dang_giao,1060000.0,0.0,0.0,1060000.0,cod
1877,1132,20260516,dang_chuan_bi,1480000.0,0.0,148000.0,1332000.0,cod
1878,1143,20260516,dang_giao,13410000.0,0.0,1341000.0,12069000.0,banking
1879,1133,20260516,da_giao,1120000.0,0.0,50000.0,1070000.0,momo
1880,1145,20260516,dang_chuan_bi,5350000.0,0.0,0.0,5350000.0,cod
1881,1137,20260516,cho_xac_nhan,16190000.0,0.0,0.0,16190000.0,cod
1882,1025,20260516,dang_giao,1260000.0,0.0,50000.0,1210000.0,cod
1883,1148,20260516,da_giao,18220000.0,0.0,0.0,18220000.0,banking
1884,1149,20260516,cho_xac_nhan,4300000.0,0.0,0.0,4300000.0,cod
1885,1128,20260517,da_giao,8280000.0,0.0,0.0,8280000.0,cod
1886,1137,20260517,da_giao,3170000.0,0.0,0.0,3170000.0,cod
1887,1080,20260517,da_giao,6380000.0,0.0,638000.0,5742000.0,banking
1888,1131,20260518,da_giao,8580000.0,0.0,0.0,8580000.0,momo
1889,1139,20260518,dang_chuan_bi,970000.0,0.0,0.0,970000.0,banking
1890,1107,20260518,dang_giao,5800000.0,0.0,0.0,5800000.0,banking
1891,1034,20260518,cho_xac_nhan,1140000.0,0.0,0.0,1140000.0,banking
1892,1133,20260518,da_giao,2520000.0,0.0,0.0,2520000.0,cod
1893,1133,20260518,dang_chuan_bi,19600000.0,0.0,0.0,19600000.0,banking
1894,1017,20260518,dang_giao,8400000.0,0.0,840000.0,7560000.0,banking
1895,1140,20260518,da_giao,9350000.0,0.0,0.0,9350000.0,cod
1896,1148,20260518,da_giao,1780000.0,0.0,0.0,1780000.0,banking
1897,1141,20260519,da_giao,4670000.0,0.0,0.0,4670000.0,cod
1898,1040,20260519,da_giao,4880000.0,0.0,488000.0,4392000.0,cod
1899,1149,20260519,da_giao,1780000.0,0.0,178000.0,1602000.0,cod
1900,1148,20260519,da_giao,7600000.0,0.0,760000.0,6840000.0,cod
1901,1068,20260519,cho_xac_nhan,10070000.0,0.0,0.0,10070000.0,cod
1902,1133,20260519,da_giao,8130000.0,0.0,0.0,8130000.0,cod
1903,1122,20260519,dang_giao,7270000.0,0.0,0.0,7270000.0,cod
1904,1139,20260519,da_giao,4390000.0,0.0,439000.0,3951000.0,banking
1905,1131,20260520,da_giao,2680000.0,0.0,268000.0,2412000.0,banking
1906,1140,20260520,da_giao,6690000.0,0.0,0.0,6690000.0,cod
1907,1130,20260520,da_giao,880000.0,0.0,0.0,880000.0,banking
1908,1132,20260520,da_giao,12870000.0,0.0,1287000.0,11583000.0,cod
1909,1147,20260520,cho_xac_nhan,4180000.0,0.0,0.0,4180000.0,cod
1910,1140,20260520,da_giao,5780000.0,0.0,0.0,5780000.0,cod
1911,1144,20260520,da_giao,1890000.0,0.0,0.0,1890000.0,cod
1912,1133,20260520,da_giao,280000.0,30000.0,0.0,310000.0,banking
1913,1146,20260520,da_giao,10000000.0,0.0,0.0,10000000.0,banking
1914,1136,20260520,da_giao,2340000.0,0.0,0.0,2340000.0,banking
1915,1134,20260521,da_giao,3320000.0,0.0,332000.0,2988000.0,momo
1916,1133,20260521,da_giao,10210000.0,0.0,0.0,10210000.0,banking
1917,1129,20260521,da_giao,2260000.0,0.0,0.0,2260000.0,cod
1918,1147,20260522,dang_giao,2900000.0,0.0,0.0,2900000.0,cod
1919,1131,20260522,dang_giao,5320000.0,0.0,0.0,5320000.0,momo
1920,1131,20260522,da_giao,12540000.0,0.0,0.0,12540000.0,cod
1921,1073,20260522,da_giao,4140000.0,0.0,414000.0,3726000.0,banking
1922,1137,20260522,dang_chuan_bi,2570000.0,0.0,0.0,2570000.0,cod
1923,1062,20260522,da_giao,5250000.0,0.0,525000.0,4725000.0,banking
1924,1141,20260522,dang_chuan_bi,5300000.0,0.0,530000.0,4770000.0,momo
1925,1147,20260522,da_giao,5250000.0,0.0,0.0,5250000.0,banking
1926,1143,20260523,da_giao,4790000.0,0.0,0.0,4790000.0,cod
1927,1146,20260523,da_giao,2940000.0,0.0,50000.0,2890000.0,cod
1928,1148,20260523,cho_xac_nhan,4420000.0,0.0,0.0,4420000.0,cod
1929,1139,20260523,da_giao,4110000.0,0.0,0.0,4110000.0,cod
1930,1076,20260523,da_giao,770000.0,0.0,77000.0,693000.0,momo
1931,1142,20260523,da_giao,1680000.0,0.0,168000.0,1512000.0,cod
1932,1093,20260524,da_giao,7000000.0,0.0,50000.0,6950000.0,cod
1933,1048,20260524,cho_xac_nhan,1100000.0,0.0,0.0,1100000.0,cod
1934,1136,20260524,da_giao,17130000.0,0.0,50000.0,17080000.0,cod
1935,1135,20260524,cho_xac_nhan,16580000.0,0.0,0.0,16580000.0,cod
1936,1069,20260525,da_giao,11000000.0,0.0,0.0,11000000.0,cod
1937,1142,20260525,dang_chuan_bi,420000.0,30000.0,0.0,450000.0,banking
1938,1147,20260525,da_giao,2060000.0,0.0,50000.0,2010000.0,cod
1939,1139,20260525,da_giao,4410000.0,0.0,0.0,4410000.0,banking
1940,1027,20260526,da_giao,1860000.0,0.0,0.0,1860000.0,cod
1941,1145,20260526,da_giao,1830000.0,0.0,0.0,1830000.0,momo
1942,1149,20260526,cho_xac_nhan,2380000.0,0.0,0.0,2380000.0,banking
1943,1132,20260526,da_giao,2460000.0,0.0,0.0,2460000.0,momo
1944,1016,20260526,da_giao,2400000.0,0.0,0.0,2400000.0,cod
1945,1148,20260526,da_giao,3950000.0,0.0,50000.0,3900000.0,cod
1946,1131,20260526,da_giao,7560000.0,0.0,0.0,7560000.0,cod
1947,1132,20260526,cho_xac_nhan,3670000.0,0.0,0.0,3670000.0,cod
1948,1135,20260527,da_giao,6440000.0,0.0,644000.0,5796000.0,banking
1949,1130,20260527,da_giao,10710000.0,0.0,0.0,10710000.0,banking
1950,1141,20260527,dang_chuan_bi,7640000.0,0.0,0.0,7640000.0,momo
1951,1131,20260527,dang_giao,580000.0,0.0,0.0,580000.0,cod
1952,1101,20260527,da_giao,6850000.0,0.0,0.0,6850000.0,cod
1953,1064,20260527,da_giao,1860000.0,0.0,186000.0,1674000.0,cod
1954,1146,20260527,da_giao,220000.0,30000.0,0.0,250000.0,cod
1955,1146,20260527,cho_xac_nhan,20990000.0,0.0,50000.0,20940000.0,cod
1956,1095,20260528,da_giao,1860000.0,0.0,0.0,1860000.0,cod
1957,1137,20260528,cho_xac_nhan,10750000.0,0.0,0.0,10750000.0,cod
1958,1129,20260528,da_giao,6010000.0,0.0,0.0,6010000.0,banking
1959,1024,20260529,dang_giao,5600000.0,0.0,560000.0,5040000.0,banking
1960,1136,20260529,cho_xac_nhan,10200000.0,0.0,0.0,10200000.0,banking
1961,1098,20260529,da_giao,12520000.0,0.0,0.0,12520000.0,cod
1962,1149,20260529,da_giao,4310000.0,0.0,0.0,4310000.0,momo
1963,1134,20260529,da_giao,865000.0,0.0,0.0,865000.0,cod
1964,1147,20260529,da_giao,8445000.0,0.0,0.0,8445000.0,momo
1965,1132,20260529,cho_xac_nhan,5910000.0,0.0,591000.0,5319000.0,banking
1966,1131,20260529,cho_xac_nhan,690000.0,0.0,0.0,690000.0,cod
1967,1145,20260530,da_giao,920000.0,0.0,0.0,920000.0,momo
1968,1012,20260530,da_giao,2200000.0,0.0,0.0,2200000.0,cod
1969,1146,20260530,da_giao,680000.0,0.0,0.0,680000.0,cod
1970,1135,20260530,cho_xac_nhan,840000.0,0.0,0.0,840000.0,banking
1971,1002,20260530,da_giao,16800000.0,0.0,0.0,16800000.0,momo
1972,1147,20260530,da_giao,3300000.0,0.0,0.0,3300000.0,cod
1973,1146,20260530,da_giao,1980000.0,0.0,0.0,1980000.0,cod
1974,1137,20260530,da_giao,3000000.0,0.0,300000.0,2700000.0,cod
1975,1144,20260531,da_giao,5580000.0,0.0,50000.0,5530000.0,cod
1976,1084,20260531,da_giao,15380000.0,0.0,1538000.0,13842000.0,banking
1977,1143,20260531,da_huy,5190000.0,0.0,0.0,5190000.0,banking
1978,1130,20260531,dang_giao,12910000.0,0.0,0.0,12910000.0,cod
1979,1148,20260531,da_giao,3400000.0,0.0,0.0,3400000.0,cod
1980,1133,20260531,da_giao,1500000.0,0.0,150000.0,1350000.0,cod
1981,1137,20260531,da_giao,2980000.0,0.0,50000.0,2930000.0,banking
1982,1136,20260531,da_giao,2480000.0,0.0,0.0,2480000.0,cod
1983,1148,20260531,da_giao,2900000.0,0.0,50000.0,2850000.0,momo
1984,1053,20260601,da_giao,2240000.0,0.0,50000.0,2190000.0,cod
1985,1136,20260601,da_giao,15930000.0,0.0,0.0,15930000.0,momo
1986,1130,20260601,dang_giao,540000.0,0.0,0.0,540000.0,cod
1987,1097,20260601,da_giao,1780000.0,0.0,0.0,1780000.0,banking
1988,1149,20260601,da_giao,15570000.0,0.0,1557000.0,14013000.0,cod
1989,1130,20260601,da_giao,2460000.0,0.0,0.0,2460000.0,banking
1990,1090,20260601,da_giao,3940000.0,0.0,394000.0,3546000.0,cod
1991,1145,20260601,dang_chuan_bi,16750000.0,0.0,50000.0,16700000.0,cod
1992,1132,20260602,dang_giao,1120000.0,0.0,0.0,1120000.0,momo
1993,1143,20260602,da_giao,2960000.0,0.0,50000.0,2910000.0,cod
1994,1148,20260602,da_giao,180000.0,30000.0,0.0,210000.0,banking
1995,1131,20260602,dang_giao,4630000.0,0.0,0.0,4630000.0,cod
1996,1128,20260602,cho_xac_nhan,7880000.0,0.0,0.0,7880000.0,cod
1997,1141,20260602,da_giao,2340000.0,0.0,50000.0,2290000.0,momo
1998,1144,20260602,dang_giao,2700000.0,0.0,0.0,2700000.0,momo
1999,1148,20260602,dang_giao,3060000.0,0.0,50000.0,3010000.0,cod
