payment_id,order_id,date_key,payment_amount,payment_method,payment_status,reconciliation_status,payment_time
1000,1000,20260101,1440000.0,momo,hoan_tien,KHOP,2026-01-01 12:58:39
1001,1001,20260101,6900000.0,cod,chua_thanh_toan,CHO_XU_LY,2026-01-01 22:08:10
1002,1002,20260101,444000.0,momo,da_thanh_toan,KHOP,2026-01-01 22:29:07
1003,1003,20260102,2390000.0,momo,da_thanh_toan,KHOP,2026-01-02 00:26:34
1004,1004,20260102,567000.0,cod,da_thanh_toan,CHO_XU_LY,2026-01-02 05:12:15
1005,1005,20260102,1500000.0,momo,da_thanh_toan,CHO_XU_LY,2026-01-02 05:12:04
1006,1006,20260102,1490000.0,momo,da_thanh_toan,KHOP,2026-01-02 16:39:10
1007,1007,20260102,2040000.0,cod,da_thanh_toan,CHO_XU_LY,2026-01-02 23:19:26
1008,1008,20260103,12880000.0,banking,da_thanh_toan,CHO_XU_LY,2026-01-03 03:45:57
1009,1009,20260103,13010000.0,momo,da_thanh_toan,CHO_XU_LY,2026-01-03 07:20:33
1010,1010,20260103,5240000.0,momo,da_thanh_toan,KHOP,2026-01-03 11:00:07
1011,1011,20260103,2394000.0,banking,hoan_tien,KHOP,2026-01-03 23:29:56
1012,1012,20260104,780000.0,cod,chua_thanh_toan,CHO_XU_LY,2026-01-04 02:48:29
1013,1013,20260104,9140000.0,cod,da_thanh_toan,CHO_XU_LY,2026-01-04 09:10:38
1014,1014,20260104,702000.0,banking,da_thanh_toan,SAI_LECH,2026-01-04 11:51:43
1015,1015,20260104,1900000.0,cod,da_thanh_toan,CHO_XU_LY,2026-01-04 12:51:40
1016,1016,20260104,630000.0,cod,chua_thanh_toan,CHO_XU_LY,2026-01-04 17:29:42
1017,1017,20260104,4250000.0,banking,da_thanh_toan,KHOP,2026-01-04 22:12:16
1018,1018,20260105,2230000.0,cod,chua_thanh_toan,CHO_XU_LY,2026-01-05 07:17:59
1019,1019,20260105,4770000.0,cod,da_thanh_toan,CHO_XU_LY,2026-01-05 07:58:46
1020,1020,20260105,2300000.0,cod,hoan_tien,CHO_XU_LY,2026-01-05 09:54:30
1021,1021,20260105,5000000.0,cod,da_thanh_toan,CHO_XU_LY,2026-01-05 08:54:56
1022,1022,20260105,2556000.0,cod,chua_thanh_toan,CHO_XU_LY,2026-01-05 10:09:40
1023,1023,20260105,15860000.0,cod,chua_thanh_toan,CHO_XU_LY,2026-01-05 18:04:25
1024,1024,20260105,7983000.0,banking,da_thanh_toan,KHOP,2026-01-05 18:48:03
1025,1025,20260105,8880000.0,cod,chua_thanh_toan,CHO_XU_LY,2026-01-05 22:22:50
1026,1026,20260105,4230000.0,momo,da_thanh_toan,KHOP,2026-01-05 22:42:01
1027,1027,20260105,8140000.0,cod,da_thanh_toan,CHO_XU_LY,2026-01-05 22:27:48
1028,1028,20260106,7775000.0,cod,da_thanh_toan,CHO_XU_LY,2026-01-06 00:01:33
1029,1029,20260106,1020000.0,cod,chua_thanh_toan,CHO_XU_LY,2026-01-06 01:38:27
1030,1030,20260106,9370000.0,cod,da_thanh_toan,CHO_XU_LY,2026-01-06 04:26:13
1031,1031,20260106,9324000.0,banking,da_thanh_toan,KHOP,2026-01-06 12:31:38
1032,1032,20260106,1510000.0,cod,da_thanh_toan,CHO_XU_LY,2026-01-06 14:23:53
1033,1033,20260106,2223000.0,cod,chua_thanh_toan,CHO_XU_LY,2026-01-06 16:36:03
1034,1034,20260106,13240000.0,cod,chua_thanh_toan,CHO_XU_LY,2026-01-06 20:45:45
1035,1035,20260106,1240000.0,cod,da_thanh_toan,CHO_XU_LY,2026-01-06 20:37:23
1036,1036,20260107,4900000.0,cod,chua_thanh_toan,CHO_XU_LY,2026-01-07 00:09:47
1037,1037,20260106,1280000.0,cod,chua_thanh_toan,CHO_XU_LY,2026-01-06 23:53:27
1038,1038,20260107,415000.0,cod,da_thanh_toan,CHO_XU_LY,2026-01-07 02:06:42
1039,1039,20260107,4716000.0,cod,da_thanh_toan,CHO_XU_LY,2026-01-07 07:32:22
1040,1040,20260107,410000.0,cod,da_thanh_toan,CHO_XU_LY,2026-01-07 17:27:04
1041,1041,20260107,5000000.0,banking,chua_thanh_toan,KHOP,2026-01-07 19:47:23
1042,1042,20260108,12249000.0,cod,chua_thanh_toan,CHO_XU_LY,2026-01-08 04:24:33
1043,1043,20260108,11420000.0,banking,da_thanh_toan,KHOP,2026-01-08 13:59:03
1044,1044,20260108,5000000.0,cod,da_thanh_toan,CHO_XU_LY,2026-01-08 16:58:33
1045,1045,20260108,5040000.0,banking,da_thanh_toan,KHOP,2026-01-08 19:48:04
1046,1046,20260109,3700000.0,momo,da_thanh_toan,KHOP,2026-01-09 04:24:07
1047,1047,20260109,20280000.0,cod,da_thanh_toan,CHO_XU_LY,2026-01-09 06:48:08
1048,1048,20260109,2340000.0,cod,chua_thanh_toan,CHO_XU_LY,2026-01-09 07:10:28
1049,1049,20260109,1860000.0,cod,chua_thanh_toan,CHO_XU_LY,2026-01-09 06:37:06
1050,1050,20260109,15420000.0,banking,da_thanh_toan,CHO_XU_LY,2026-01-09 14:19:53
1051,1051,20260109,5080000.0,banking,da_thanh_toan,SAI_LECH,2026-01-09 17:44:22
1052,1052,20260109,4260000.0,banking,da_thanh_toan,CHO_XU_LY,2026-01-09 18:37:02
1053,1053,20260109,3140000.0,cod,da_thanh_toan,CHO_XU_LY,2026-01-09 21:25:18
1054,1054,20260110,220000.0,cod,da_thanh_toan,CHO_XU_LY,2026-01-10 00:39:00
1055,1055,20260110,2574000.0,cod,da_thanh_toan,CHO_XU_LY,2026-01-10 03:41:47
1056,1056,20260110,6480000.0,momo,da_thanh_toan,KHOP,2026-01-10 10:59:07
1057,1057,20260110,6290000.0,momo,da_thanh_toan,KHOP,2026-01-10 16:36:35
1058,1058,20260110,3640000.0,banking,da_thanh_toan,KHOP,2026-01-10 18:38:17
1059,1059,20260110,9815000.0,cod,chua_thanh_toan,CHO_XU_LY,2026-01-10 19:57:05
1060,1060,20260111,3840000.0,banking,chua_thanh_toan,KHOP,2026-01-11 01:53:09
1061,1061,20260111,6360000.0,cod,da_thanh_toan,CHO_XU_LY,2026-01-11 02:22:11
1062,1062,20260111,3185000.0,cod,da_thanh_toan,CHO_XU_LY,2026-01-11 15:36:15
1063,1063,20260112,2040000.0,cod,da_thanh_toan,CHO_XU_LY,2026-01-12 01:24:52
1064,1064,20260112,720000.0,banking,da_thanh_toan,KHOP,2026-01-12 03:28:02
1065,1065,20260112,3010000.0,banking,da_thanh_toan,KHOP,2026-01-12 12:09:03
1066,1066,20260112,530000.0,cod,da_thanh_toan,CHO_XU_LY,2026-01-12 12:32:09
1067,1067,20260112,2700000.0,banking,da_thanh_toan,KHOP,2026-01-12 14:30:28
1068,1068,20260112,8400000.0,cod,da_thanh_toan,CHO_XU_LY,2026-01-12 20:00:48
1069,1069,20260112,1860000.0,momo,da_thanh_toan,SAI_LECH,2026-01-12 23:32:45
1070,1070,20260113,3580000.0,banking,that_bai,KHOP,2026-01-13 00:17:08
1071,1071,20260113,3078000.0,momo,da_thanh_toan,KHOP,2026-01-13 09:13:29
1072,1072,20260113,5814000.0,cod,da_thanh_toan,CHO_XU_LY,2026-01-13 10:25:54
1073,1073,20260113,2150000.0,cod,da_thanh_toan,CHO_XU_LY,2026-01-13 18:36:01
1074,1074,20260113,510000.0,cod,da_thanh_toan,CHO_XU_LY,2026-01-13 19:13:57
1075,1075,20260113,1900000.0,banking,chua_thanh_toan,SAI_LECH,2026-01-13 22:38:42
1076,1076,20260114,710000.0,banking,da_thanh_toan,KHOP,2026-01-14 04:56:57
1077,1077,20260114,850000.0,banking,da_thanh_toan,KHOP,2026-01-14 06:27:34
1078,1078,20260114,3924000.0,momo,da_thanh_toan,KHOP,2026-01-14 13:27:36
1079,1079,20260114,7580000.0,cod,da_thanh_toan,CHO_XU_LY,2026-01-14 14:08:46
1080,1080,20260114,4030000.0,cod,da_thanh_toan,CHO_XU_LY,2026-01-14 16:06:31
1081,1081,20260114,12400000.0,banking,da_thanh_toan,KHOP,2026-01-14 15:50:22
1082,1082,20260114,25530000.0,cod,da_thanh_toan,CHO_XU_LY,2026-01-14 21:59:33
1083,1083,20260115,7180000.0,momo,da_thanh_toan,CHO_XU_LY,2026-01-15 04:20:32
1084,1084,20260115,1870000.0,cod,chua_thanh_toan,CHO_XU_LY,2026-01-15 07:25:34
1085,1085,20260115,15420000.0,cod,da_thanh_toan,CHO_XU_LY,2026-01-15 10:39:13
1086,1086,20260115,17560000.0,cod,da_thanh_toan,CHO_XU_LY,2026-01-15 12:35:39
1087,1087,20260115,870000.0,cod,that_bai,CHO_XU_LY,2026-01-15 16:02:05
1088,1088,20260115,1400000.0,banking,da_thanh_toan,KHOP,2026-01-15 20:57:08
1089,1089,20260116,6320000.0,cod,da_thanh_toan,CHO_XU_LY,2026-01-16 03:51:16
1090,1090,20260116,7110000.0,cod,da_thanh_toan,CHO_XU_LY,2026-01-16 06:51:30
1091,1091,20260116,1155000.0,cod,chua_thanh_toan,CHO_XU_LY,2026-01-16 09:20:36
1092,1092,20260116,10900000.0,banking,da_thanh_toan,KHOP,2026-01-16 09:12:30
1093,1093,20260116,910000.0,cod,chua_thanh_toan,CHO_XU_LY,2026-01-16 09:24:45
1094,1094,20260116,17510000.0,banking,da_thanh_toan,KHOP,2026-01-16 16:26:38
1095,1095,20260116,3600000.0,cod,chua_thanh_toan,CHO_XU_LY,2026-01-16 21:41:33
1096,1096,20260116,10458000.0,cod,da_thanh_toan,CHO_XU_LY,2026-01-16 23:45:37
1097,1097,20260117,960000.0,banking,da_thanh_toan,KHOP,2026-01-17 00:49:38
1098,1098,20260117,4500000.0,momo,da_thanh_toan,KHOP,2026-01-17 04:25:28
1099,1099,20260117,1880000.0,momo,da_thanh_toan,KHOP,2026-01-17 10:23:32
1100,1100,20260117,12528000.0,cod,da_thanh_toan,CHO_XU_LY,2026-01-17 11:23:00
1101,1101,20260117,2106000.0,banking,hoan_tien,KHOP,2026-01-17 13:14:42
1102,1102,20260117,2340000.0,cod,da_thanh_toan,CHO_XU_LY,2026-01-17 14:26:27
1103,1103,20260117,850000.0,cod,chua_thanh_toan,CHO_XU_LY,2026-01-17 15:56:49
1104,1104,20260117,14850000.0,cod,da_thanh_toan,CHO_XU_LY,2026-01-17 15:56:17
1105,1105,20260117,13880000.0,cod,da_thanh_toan,CHO_XU_LY,2026-01-17 23:42:13
1106,1106,20260118,6100000.0,cod,da_thanh_toan,CHO_XU_LY,2026-01-18 00:37:04
1107,1107,20260118,2250000.0,cod,chua_thanh_toan,CHO_XU_LY,2026-01-18 05:17:23
1108,1108,20260118,6925500.0,cod,chua_thanh_toan,CHO_XU_LY,2026-01-18 07:24:50
1109,1109,20260118,10090000.0,cod,da_thanh_toan,CHO_XU_LY,2026-01-18 22:46:02
1110,1110,20260119,840000.0,momo,da_thanh_toan,KHOP,2026-01-19 01:41:20
1111,1111,20260119,5040000.0,cod,that_bai,CHO_XU_LY,2026-01-19 04:05:49
1112,1112,20260119,3195000.0,banking,chua_thanh_toan,KHOP,2026-01-19 10:02:02
1113,1113,20260119,2160000.0,cod,da_thanh_toan,CHO_XU_LY,2026-01-19 15:13:54
1114,1114,20260119,18930000.0,cod,da_thanh_toan,CHO_XU_LY,2026-01-19 15:12:34
1115,1115,20260119,2550000.0,banking,da_thanh_toan,KHOP,2026-01-19 18:29:08
1116,1116,20260120,7560000.0,cod,hoan_tien,CHO_XU_LY,2026-01-20 00:03:25
1117,1117,20260119,10449000.0,cod,da_thanh_toan,CHO_XU_LY,2026-01-19 22:44:15
1118,1118,20260120,16160000.0,banking,da_thanh_toan,CHO_XU_LY,2026-01-20 02:34:44
1119,1119,20260120,12000000.0,cod,da_thanh_toan,CHO_XU_LY,2026-01-20 06:10:07
1120,1120,20260120,10650000.0,banking,da_thanh_toan,KHOP,2026-01-20 12:42:32
1121,1121,20260120,2570000.0,cod,da_thanh_toan,CHO_XU_LY,2026-01-20 14:01:37
1122,1122,20260120,12280000.0,cod,chua_thanh_toan,CHO_XU_LY,2026-01-20 21:15:13
1123,1123,20260120,890000.0,cod,da_thanh_toan,CHO_XU_LY,2026-01-20 23:34:13
1124,1124,20260121,14680000.0,cod,da_thanh_toan,CHO_XU_LY,2026-01-21 08:26:47
1125,1125,20260121,8830000.0,banking,da_thanh_toan,KHOP,2026-01-21 09:59:16
1126,1126,20260121,11300000.0,cod,da_thanh_toan,CHO_XU_LY,2026-01-21 15:31:53
1127,1127,20260121,3402000.0,banking,da_thanh_toan,KHOP,2026-01-21 19:35:06
1128,1128,20260121,2690000.0,banking,da_thanh_toan,KHOP,2026-01-21 21:02:43
1129,1129,20260122,8800000.0,banking,da_thanh_toan,KHOP,2026-01-22 08:25:58
1130,1130,20260122,9940000.0,cod,da_thanh_toan,CHO_XU_LY,2026-01-22 08:55:22
1131,1131,20260122,3825000.0,cod,chua_thanh_toan,CHO_XU_LY,2026-01-22 09:08:09
1132,1132,20260122,2670000.0,cod,da_thanh_toan,CHO_XU_LY,2026-01-22 10:49:32
1133,1133,20260122,3090000.0,cod,chua_thanh_toan,CHO_XU_LY,2026-01-22 15:25:56
1134,1134,20260122,1800000.0,banking,da_thanh_toan,KHOP,2026-01-22 17:57:35
1135,1135,20260123,4960000.0,banking,da_thanh_toan,KHOP,2026-01-23 10:19:07
1136,1136,20260123,1920000.0,momo,da_thanh_toan,KHOP,2026-01-23 09:17:02
1137,1137,20260123,11920000.0,momo,chua_thanh_toan,KHOP,2026-01-23 10:33:27
1138,1138,20260123,4220000.0,momo,da_thanh_toan,KHOP,2026-01-23 13:17:26
1139,1139,20260123,4340000.0,banking,chua_thanh_toan,CHO_XU_LY,2026-01-23 17:30:43
1140,1140,20260123,1134000.0,momo,da_thanh_toan,KHOP,2026-01-23 20:19:41
1141,1141,20260124,4770000.0,banking,da_thanh_toan,KHOP,2026-01-24 04:07:31
1142,1142,20260124,540000.0,banking,da_thanh_toan,KHOP,2026-01-24 04:55:25
1143,1143,20260124,5675000.0,banking,da_thanh_toan,KHOP,2026-01-24 10:10:20
1144,1144,20260124,5688000.0,cod,hoan_tien,CHO_XU_LY,2026-01-24 17:19:03
1145,1145,20260124,2320000.0,momo,chua_thanh_toan,KHOP,2026-01-24 19:27:55
1146,1146,20260124,6080000.0,banking,da_thanh_toan,KHOP,2026-01-24 23:04:17
1147,1147,20260125,3771000.0,momo,da_thanh_toan,KHOP,2026-01-25 00:45:50
1148,1148,20260125,6300000.0,cod,da_thanh_toan,CHO_XU_LY,2026-01-25 02:56:15
1149,1149,20260125,1970000.0,cod,da_thanh_toan,CHO_XU_LY,2026-01-25 05:58:51
1150,1150,20260125,1100000.0,cod,da_thanh_toan,CHO_XU_LY,2026-01-25 07:00:40
1151,1151,20260125,1630000.0,banking,da_thanh_toan,KHOP,2026-01-25 22:00:45
1152,1152,20260126,1050000.0,momo,da_thanh_toan,KHOP,2026-01-26 02:23:22
1153,1153,20260126,2988000.0,banking,da_thanh_toan,KHOP,2026-01-26 03:13:57
1154,1154,20260126,1000000.0,banking,da_thanh_toan,KHOP,2026-01-26 03:53:54
1155,1155,20260126,5800000.0,banking,da_thanh_toan,KHOP,2026-01-26 05:45:13
1156,1156,20260126,450000.0,momo,da_thanh_toan,KHOP,2026-01-26 10:08:04
1157,1157,20260126,960000.0,banking,da_thanh_toan,KHOP,2026-01-26 10:58:47
1158,1158,20260126,3200000.0,banking,da_thanh_toan,KHOP,2026-01-26 10:26:57
1159,1159,20260126,1140000.0,cod,chua_thanh_toan,CHO_XU_LY,2026-01-26 15:49:48
1160,1160,20260126,13110000.0,banking,da_thanh_toan,KHOP,2026-01-26 18:03:20
1161,1161,20260126,26350000.0,cod,da_thanh_toan,CHO_XU_LY,2026-01-26 22:22:14
1162,1162,20260126,2020000.0,banking,da_thanh_toan,CHO_XU_LY,2026-01-26 22:55:45
1163,1163,20260127,2250000.0,banking,da_thanh_toan,CHO_XU_LY,2026-01-27 02:27:24
1164,1164,20260127,5780000.0,banking,chua_thanh_toan,KHOP,2026-01-27 02:54:18
1165,1165,20260127,260000.0,cod,hoan_tien,CHO_XU_LY,2026-01-27 08:46:31
1166,1166,20260127,2590000.0,banking,da_thanh_toan,KHOP,2026-01-27 12:06:43
1167,1167,20260127,930000.0,momo,da_thanh_toan,CHO_XU_LY,2026-01-27 15:32:30
1168,1168,20260127,2670000.0,cod,da_thanh_toan,CHO_XU_LY,2026-01-27 22:21:50
1169,1169,20260128,5370000.0,cod,chua_thanh_toan,CHO_XU_LY,2026-01-28 02:00:16
1170,1170,20260128,2560000.0,momo,da_thanh_toan,KHOP,2026-01-28 04:00:11
1171,1171,20260129,6200000.0,banking,da_thanh_toan,SAI_LECH,2026-01-29 06:51:03
1172,1172,20260129,3168000.0,momo,da_thanh_toan,KHOP,2026-01-29 09:19:55
1173,1173,20260129,15200000.0,cod,da_thanh_toan,CHO_XU_LY,2026-01-29 09:46:21
1174,1174,20260129,200000.0,banking,da_thanh_toan,SAI_LECH,2026-01-29 10:30:24
1175,1175,20260129,5420000.0,cod,da_thanh_toan,CHO_XU_LY,2026-01-29 11:07:11
1176,1176,20260129,1960000.0,momo,da_thanh_toan,KHOP,2026-01-29 14:10:52
1177,1177,20260129,6460000.0,momo,da_thanh_toan,KHOP,2026-01-29 17:54:55
1178,1178,20260129,8020000.0,banking,da_thanh_toan,KHOP,2026-01-29 20:53:55
1179,1179,20260129,6720000.0,cod,chua_thanh_toan,CHO_XU_LY,2026-01-29 23:15:22
1180,1180,20260129,1224000.0,banking,da_thanh_toan,KHOP,2026-01-29 22:52:56
1181,1181,20260130,20673000.0,banking,da_thanh_toan,KHOP,2026-01-30 03:25:59
1182,1182,20260130,770000.0,banking,da_thanh_toan,KHOP,2026-01-30 06:34:27
1183,1183,20260130,6980000.0,cod,chua_thanh_toan,CHO_XU_LY,2026-01-30 06:46:56
1184,1184,20260130,11150000.0,cod,da_thanh_toan,CHO_XU_LY,2026-01-30 07:24:07
1185,1185,20260130,730000.0,cod,chua_thanh_toan,CHO_XU_LY,2026-01-30 09:47:22
1186,1186,20260130,3090000.0,banking,da_thanh_toan,KHOP,2026-01-30 10:00:07
1187,1187,20260130,3880000.0,momo,da_thanh_toan,KHOP,2026-01-30 13:42:52
1188,1188,20260130,11448000.0,banking,da_thanh_toan,KHOP,2026-01-30 15:01:39
1189,1189,20260131,7960000.0,banking,chua_thanh_toan,KHOP,2026-01-31 05:57:51
1190,1190,20260131,9045000.0,banking,da_thanh_toan,KHOP,2026-01-31 08:18:24
1191,1191,20260131,6651000.0,momo,da_thanh_toan,KHOP,2026-01-31 09:07:57
1192,1192,20260131,10740000.0,momo,da_thanh_toan,KHOP,2026-01-31 09:30:29
1193,1193,20260131,7560000.0,cod,chua_thanh_toan,CHO_XU_LY,2026-01-31 13:58:06
1194,1194,20260131,1020000.0,banking,da_thanh_toan,KHOP,2026-01-31 18:57:15
1195,1195,20260131,11310000.0,banking,da_thanh_toan,KHOP,2026-01-31 19:11:47
1196,1196,20260131,4510000.0,cod,da_thanh_toan,CHO_XU_LY,2026-01-31 19:17:15
1197,1197,20260201,11700000.0,cod,chua_thanh_toan,CHO_XU_LY,2026-02-01 01:43:54
1198,1198,20260201,23450000.0,cod,da_thanh_toan,CHO_XU_LY,2026-02-01 07:26:27
1199,1199,20260201,6720000.0,cod,chua_thanh_toan,CHO_XU_LY,2026-02-01 19:54:25
1200,1200,20260201,2770000.0,cod,chua_thanh_toan,CHO_XU_LY,2026-02-01 21:12:12
1201,1201,20260202,6780000.0,cod,da_thanh_toan,CHO_XU_LY,2026-02-02 03:38:39
1202,1202,20260202,10470000.0,cod,that_bai,CHO_XU_LY,2026-02-02 05:12:04
1203,1203,20260202,8080000.0,cod,da_thanh_toan,CHO_XU_LY,2026-02-02 07:19:54
1204,1204,20260202,7960000.0,momo,da_thanh_toan,KHOP,2026-02-02 08:24:14
1205,1205,20260202,770000.0,cod,chua_thanh_toan,CHO_XU_LY,2026-02-02 10:42:04
1206,1206,20260202,9640000.0,cod,da_thanh_toan,CHO_XU_LY,2026-02-02 12:25:43
1207,1207,20260202,14780000.0,momo,da_thanh_toan,KHOP,2026-02-02 15:05:02
1208,1208,20260202,10320000.0,cod,da_thanh_toan,CHO_XU_LY,2026-02-02 17:39:10
1209,1209,20260202,15660000.0,banking,chua_thanh_toan,KHOP,2026-02-02 20:42:56
1210,1210,20260203,16740000.0,cod,da_thanh_toan,CHO_XU_LY,2026-02-03 02:02:26
1211,1211,20260203,3750000.0,banking,da_thanh_toan,KHOP,2026-02-03 03:01:42
1212,1212,20260203,4370000.0,momo,da_thanh_toan,KHOP,2026-02-03 07:46:59
1213,1213,20260203,7803000.0,banking,da_thanh_toan,CHO_XU_LY,2026-02-03 09:59:24
1214,1214,20260203,890000.0,cod,da_thanh_toan,CHO_XU_LY,2026-02-03 12:22:26
1215,1215,20260203,6720000.0,momo,da_thanh_toan,KHOP,2026-02-03 12:00:27
1216,1216,20260203,1810000.0,cod,da_thanh_toan,CHO_XU_LY,2026-02-03 15:08:55
1217,1217,20260204,3618000.0,cod,da_thanh_toan,CHO_XU_LY,2026-02-04 00:05:47
1218,1218,20260204,8350000.0,momo,hoan_tien,KHOP,2026-02-04 02:26:09
1219,1219,20260204,11470000.0,banking,da_thanh_toan,KHOP,2026-02-04 02:23:39
1220,1220,20260204,2060000.0,cod,chua_thanh_toan,CHO_XU_LY,2026-02-04 07:00:54
1221,1221,20260204,9600000.0,cod,hoan_tien,CHO_XU_LY,2026-02-04 15:16:32
1222,1222,20260204,12480000.0,banking,hoan_tien,KHOP,2026-02-04 18:24:40
1223,1223,20260204,2980000.0,cod,chua_thanh_toan,CHO_XU_LY,2026-02-04 23:23:28
1224,1224,20260205,1680000.0,cod,hoan_tien,CHO_XU_LY,2026-02-05 02:27:03
1225,1225,20260205,2990000.0,cod,da_thanh_toan,CHO_XU_LY,2026-02-05 08:11:12
1226,1226,20260205,9940000.0,momo,da_thanh_toan,KHOP,2026-02-05 09:58:59
1227,1227,20260205,6930000.0,cod,chua_thanh_toan,CHO_XU_LY,2026-02-05 11:12:34
1228,1228,20260205,8670000.0,cod,da_thanh_toan,CHO_XU_LY,2026-02-05 15:12:36
1229,1229,20260206,7890000.0,cod,da_thanh_toan,CHO_XU_LY,2026-02-06 00:57:48
1230,1230,20260206,1240000.0,banking,da_thanh_toan,KHOP,2026-02-06 03:59:27
1231,1231,20260206,2930000.0,banking,da_thanh_toan,KHOP,2026-02-06 05:36:43
1232,1232,20260206,22603500.0,cod,da_thanh_toan,CHO_XU_LY,2026-02-06 07:05:01
1233,1233,20260206,6630000.0,banking,da_thanh_toan,KHOP,2026-02-06 11:07:50
1234,1234,20260206,918000.0,momo,hoan_tien,KHOP,2026-02-06 13:26:10
1235,1235,20260206,8445000.0,cod,da_thanh_toan,CHO_XU_LY,2026-02-06 22:43:49
1236,1236,20260206,6800000.0,cod,chua_thanh_toan,CHO_XU_LY,2026-02-06 22:55:04
1237,1237,20260207,4180000.0,cod,da_thanh_toan,CHO_XU_LY,2026-02-07 03:34:15
1238,1238,20260207,3400000.0,banking,da_thanh_toan,KHOP,2026-02-07 04:51:29
1239,1239,20260207,8520000.0,banking,da_thanh_toan,KHOP,2026-02-07 15:00:06
1240,1240,20260207,1270000.0,banking,hoan_tien,KHOP,2026-02-07 14:38:48
1241,1241,20260207,2620000.0,cod,chua_thanh_toan,CHO_XU_LY,2026-02-07 15:38:00
1242,1242,20260207,690000.0,cod,chua_thanh_toan,CHO_XU_LY,2026-02-07 22:19:22
1243,1243,20260207,2367000.0,momo,hoan_tien,KHOP,2026-02-07 22:42:07
1244,1244,20260208,190000.0,banking,da_thanh_toan,KHOP,2026-02-08 00:15:05
1245,1245,20260207,7320000.0,cod,da_thanh_toan,CHO_XU_LY,2026-02-07 23:56:04
1246,1246,20260208,2630000.0,banking,da_thanh_toan,KHOP,2026-02-08 06:05:36
1247,1247,20260208,9240000.0,cod,chua_thanh_toan,CHO_XU_LY,2026-02-08 10:32:10
1248,1248,20260208,3460000.0,cod,da_thanh_toan,CHO_XU_LY,2026-02-08 14:14:48
1249,1249,20260208,510000.0,cod,da_thanh_toan,CHO_XU_LY,2026-02-08 14:58:31
1250,1250,20260208,510000.0,cod,da_thanh_toan,CHO_XU_LY,2026-02-08 19:23:16
1251,1251,20260208,4190000.0,cod,da_thanh_toan,CHO_XU_LY,2026-02-08 21:47:06
1252,1252,20260209,7290000.0,cod,chua_thanh_toan,CHO_XU_LY,2026-02-09 00:58:14
1253,1253,20260209,7040000.0,cod,chua_thanh_toan,CHO_XU_LY,2026-02-09 07:33:11
1254,1254,20260209,3350000.0,banking,da_thanh_toan,KHOP,2026-02-09 06:43:57
1255,1255,20260209,1860000.0,cod,that_bai,CHO_XU_LY,2026-02-09 08:42:47
1256,1256,20260209,7240000.0,momo,da_thanh_toan,KHOP,2026-02-09 14:27:13
1257,1257,20260210,4560000.0,cod,chua_thanh_toan,CHO_XU_LY,2026-02-10 02:26:11
1258,1258,20260210,1540000.0,cod,chua_thanh_toan,CHO_XU_LY,2026-02-10 04:23:42
1259,1259,20260210,1890000.0,cod,da_thanh_toan,CHO_XU_LY,2026-02-10 04:30:00
1260,1260,20260210,10610000.0,cod,da_thanh_toan,CHO_XU_LY,2026-02-10 07:38:10
1261,1261,20260210,10560000.0,cod,da_thanh_toan,CHO_XU_LY,2026-02-10 08:31:48
1262,1262,20260210,2060000.0,banking,chua_thanh_toan,KHOP,2026-02-10 10:01:42
1263,1263,20260210,4970000.0,banking,da_thanh_toan,KHOP,2026-02-10 13:57:44
1264,1264,20260211,1900000.0,cod,da_thanh_toan,CHO_XU_LY,2026-02-11 10:44:22
1265,1265,20260211,4711500.0,momo,hoan_tien,KHOP,2026-02-11 11:58:51
1266,1266,20260211,7040000.0,cod,chua_thanh_toan,CHO_XU_LY,2026-02-11 12:07:14
1267,1267,20260211,18340000.0,momo,chua_thanh_toan,KHOP,2026-02-11 12:53:06
1268,1268,20260211,2880000.0,banking,da_thanh_toan,KHOP,2026-02-11 18:32:53
1269,1269,20260211,2360000.0,cod,chua_thanh_toan,CHO_XU_LY,2026-02-11 20:02:53
1270,1270,20260211,1740000.0,cod,da_thanh_toan,CHO_XU_LY,2026-02-11 21:33:50
1271,1271,20260212,2080000.0,cod,da_thanh_toan,CHO_XU_LY,2026-02-12 02:29:49
1272,1272,20260212,3080000.0,cod,hoan_tien,CHO_XU_LY,2026-02-12 05:23:47
1273,1273,20260212,1070000.0,banking,da_thanh_toan,KHOP,2026-02-12 05:23:35
1274,1274,20260212,920000.0,momo,da_thanh_toan,KHOP,2026-02-12 09:11:49
1275,1275,20260212,8670000.0,cod,chua_thanh_toan,CHO_XU_LY,2026-02-12 11:06:38
1276,1276,20260212,3950000.0,cod,da_thanh_toan,CHO_XU_LY,2026-02-12 12:58:51
1277,1277,20260212,5418000.0,banking,da_thanh_toan,SAI_LECH,2026-02-12 19:00:40
1278,1278,20260212,16700000.0,banking,da_thanh_toan,CHO_XU_LY,2026-02-12 20:59:47
1279,1279,20260212,750000.0,momo,da_thanh_toan,KHOP,2026-02-12 22:00:45
1280,1280,20260213,6000000.0,banking,da_thanh_toan,KHOP,2026-02-13 08:44:13
1281,1281,20260213,4170000.0,banking,da_thanh_toan,KHOP,2026-02-13 20:47:53
1282,1282,20260213,840000.0,cod,da_thanh_toan,CHO_XU_LY,2026-02-13 20:24:32
1283,1283,20260214,9870000.0,cod,chua_thanh_toan,CHO_XU_LY,2026-02-14 01:56:09
1284,1284,20260214,415000.0,cod,chua_thanh_toan,CHO_XU_LY,2026-02-14 03:34:45
1285,1285,20260214,1340000.0,banking,da_thanh_toan,KHOP,2026-02-14 14:58:41
1286,1286,20260214,3560000.0,cod,da_thanh_toan,CHO_XU_LY,2026-02-14 18:27:44
1287,1287,20260214,3100000.0,cod,chua_thanh_toan,CHO_XU_LY,2026-02-14 19:59:07
1288,1288,20260215,2260000.0,banking,da_thanh_toan,KHOP,2026-02-15 01:53:07
1289,1289,20260215,840000.0,cod,da_thanh_toan,CHO_XU_LY,2026-02-15 02:03:27
1290,1290,20260215,5000000.0,cod,da_thanh_toan,CHO_XU_LY,2026-02-15 04:51:00
1291,1291,20260215,2150000.0,momo,da_thanh_toan,KHOP,2026-02-15 04:58:36
1292,1292,20260215,1040000.0,cod,da_thanh_toan,CHO_XU_LY,2026-02-15 06:00:50
1293,1293,20260215,1250000.0,cod,hoan_tien,CHO_XU_LY,2026-02-15 06:21:02
1294,1294,20260215,1560000.0,banking,da_thanh_toan,KHOP,2026-02-15 05:55:41
1295,1295,20260215,2840000.0,banking,da_thanh_toan,KHOP,2026-02-15 08:21:54
1296,1296,20260215,7800000.0,cod,chua_thanh_toan,CHO_XU_LY,2026-02-15 09:13:39
1297,1297,20260215,1240000.0,cod,chua_thanh_toan,CHO_XU_LY,2026-02-15 12:07:41
1298,1298,20260215,10360000.0,banking,da_thanh_toan,KHOP,2026-02-15 15:29:09
1299,1299,20260215,3590000.0,banking,da_thanh_toan,KHOP,2026-02-15 17:10:27
1300,1300,20260215,15480000.0,banking,da_thanh_toan,KHOP,2026-02-15 20:10:56
1301,1301,20260215,3750000.0,momo,da_thanh_toan,KHOP,2026-02-15 23:39:38
1302,1302,20260216,920000.0,cod,da_thanh_toan,CHO_XU_LY,2026-02-16 02:33:52
1303,1303,20260216,2080000.0,cod,chua_thanh_toan,CHO_XU_LY,2026-02-16 02:42:46
1304,1304,20260216,10460000.0,banking,da_thanh_toan,KHOP,2026-02-16 12:56:38
1305,1305,20260216,4302000.0,banking,da_thanh_toan,KHOP,2026-02-16 16:17:10
1306,1306,20260216,3490000.0,momo,da_thanh_toan,KHOP,2026-02-16 20:37:21
1307,1307,20260216,1110000.0,banking,da_thanh_toan,CHO_XU_LY,2026-02-16 21:59:41
1308,1308,20260217,870000.0,banking,da_thanh_toan,KHOP,2026-02-17 01:46:12
1309,1309,20260217,8270000.0,cod,da_thanh_toan,CHO_XU_LY,2026-02-17 00:58:36
1310,1310,20260217,920000.0,cod,chua_thanh_toan,CHO_XU_LY,2026-02-17 02:14:28
1311,1311,20260217,11529000.0,momo,da_thanh_toan,KHOP,2026-02-17 03:51:25
1312,1312,20260217,1590000.0,banking,da_thanh_toan,KHOP,2026-02-17 03:17:23
1313,1313,20260217,12720000.0,cod,da_thanh_toan,CHO_XU_LY,2026-02-17 06:49:25
1314,1314,20260217,7040000.0,banking,da_thanh_toan,KHOP,2026-02-17 08:00:29
1315,1315,20260217,8070000.0,momo,da_thanh_toan,KHOP,2026-02-17 08:54:55
1316,1316,20260217,6050000.0,cod,chua_thanh_toan,CHO_XU_LY,2026-02-17 10:00:39
1317,1317,20260217,5220000.0,banking,da_thanh_toan,KHOP,2026-02-17 15:56:55
1318,1318,20260217,3560000.0,cod,that_bai,CHO_XU_LY,2026-02-17 16:05:18
1319,1319,20260217,1350000.0,banking,da_thanh_toan,CHO_XU_LY,2026-02-17 19:31:07
1320,1320,20260217,3080000.0,banking,chua_thanh_toan,KHOP,2026-02-17 21:45:26
1321,1321,20260218,450000.0,cod,da_thanh_toan,CHO_XU_LY,2026-02-18 01:27:20
1322,1322,20260218,940000.0,banking,da_thanh_toan,KHOP,2026-02-18 02:22:56
1323,1323,20260218,345000.0,cod,da_thanh_toan,CHO_XU_LY,2026-02-18 08:46:46
1324,1324,20260218,7340000.0,momo,da_thanh_toan,KHOP,2026-02-18 10:30:37
1325,1325,20260218,2090000.0,cod,hoan_tien,CHO_XU_LY,2026-02-18 19:21:35
1326,1326,20260219,3940000.0,cod,da_thanh_toan,CHO_XU_LY,2026-02-19 01:44:31
1327,1327,20260219,10300000.0,momo,da_thanh_toan,KHOP,2026-02-19 05:51:08
1328,1328,20260219,1100000.0,cod,da_thanh_toan,CHO_XU_LY,2026-02-19 10:44:24
1329,1329,20260219,7250000.0,banking,da_thanh_toan,KHOP,2026-02-19 17:56:25
1330,1330,20260219,1050000.0,banking,da_thanh_toan,KHOP,2026-02-19 19:07:55
1331,1331,20260220,1430000.0,banking,da_thanh_toan,CHO_XU_LY,2026-02-20 07:21:03
1332,1332,20260220,12500000.0,cod,da_thanh_toan,CHO_XU_LY,2026-02-20 09:00:33
1333,1333,20260220,3033000.0,banking,hoan_tien,KHOP,2026-02-20 09:58:24
1334,1334,20260220,1540000.0,cod,hoan_tien,CHO_XU_LY,2026-02-20 12:42:32
1335,1335,20260220,16680000.0,momo,da_thanh_toan,CHO_XU_LY,2026-02-20 17:41:11
1336,1336,20260220,1400000.0,cod,da_thanh_toan,CHO_XU_LY,2026-02-20 19:41:10
1337,1337,20260220,6140000.0,cod,chua_thanh_toan,CHO_XU_LY,2026-02-20 22:59:18
1338,1338,20260221,4660000.0,cod,da_thanh_toan,CHO_XU_LY,2026-02-21 00:05:28
1339,1339,20260221,1840000.0,momo,da_thanh_toan,KHOP,2026-02-21 00:42:20
1340,1340,20260221,1280000.0,banking,da_thanh_toan,KHOP,2026-02-21 02:34:54
1341,1341,20260221,320000.0,cod,da_thanh_toan,CHO_XU_LY,2026-02-21 03:23:17
1342,1342,20260221,702000.0,momo,da_thanh_toan,KHOP,2026-02-21 04:15:48
1343,1343,20260221,19810000.0,cod,chua_thanh_toan,CHO_XU_LY,2026-02-21 05:04:22
1344,1344,20260221,1540000.0,cod,chua_thanh_toan,CHO_XU_LY,2026-02-21 15:59:36
1345,1345,20260221,9180000.0,banking,da_thanh_toan,KHOP,2026-02-21 20:50:54
1346,1346,20260222,6620000.0,momo,da_thanh_toan,KHOP,2026-02-22 03:29:44
1347,1347,20260222,13300000.0,cod,da_thanh_toan,CHO_XU_LY,2026-02-22 14:07:44
1348,1348,20260222,1750000.0,banking,da_thanh_toan,KHOP,2026-02-22 19:13:32
1349,1349,20260222,4790000.0,banking,da_thanh_toan,KHOP,2026-02-22 22:30:38
1350,1350,20260222,5480000.0,momo,da_thanh_toan,KHOP,2026-02-22 22:45:27
1351,1351,20260222,365000.0,cod,chua_thanh_toan,CHO_XU_LY,2026-02-22 23:35:54
1352,1352,20260223,9800000.0,cod,da_thanh_toan,CHO_XU_LY,2026-02-23 01:53:19
1353,1353,20260223,2585000.0,cod,da_thanh_toan,CHO_XU_LY,2026-02-23 05:14:00
1354,1354,20260223,3294000.0,banking,da_thanh_toan,KHOP,2026-02-23 07:04:41
1355,1355,20260223,1422000.0,cod,da_thanh_toan,CHO_XU_LY,2026-02-23 13:29:40
1356,1356,20260223,8940000.0,cod,da_thanh_toan,CHO_XU_LY,2026-02-23 16:00:27
1357,1357,20260223,2670000.0,momo,da_thanh_toan,CHO_XU_LY,2026-02-23 19:59:41
1358,1358,20260223,1950000.0,cod,da_thanh_toan,CHO_XU_LY,2026-02-23 22:21:01
1359,1359,20260224,6650000.0,banking,da_thanh_toan,KHOP,2026-02-24 00:53:49
1360,1360,20260224,730000.0,cod,chua_thanh_toan,CHO_XU_LY,2026-02-24 04:44:23
1361,1361,20260224,5080000.0,momo,da_thanh_toan,KHOP,2026-02-24 09:52:34
1362,1362,20260224,2200000.0,cod,da_thanh_toan,CHO_XU_LY,2026-02-24 16:02:45
1363,1363,20260224,6430000.0,cod,da_thanh_toan,CHO_XU_LY,2026-02-24 19:09:33
1364,1364,20260224,2290000.0,cod,hoan_tien,CHO_XU_LY,2026-02-24 20:17:29
1365,1365,20260225,13550000.0,cod,chua_thanh_toan,CHO_XU_LY,2026-02-25 04:21:40
1366,1366,20260225,3510000.0,cod,da_thanh_toan,CHO_XU_LY,2026-02-25 08:35:33
1367,1367,20260225,3190000.0,cod,chua_thanh_toan,CHO_XU_LY,2026-02-25 11:08:39
1368,1368,20260225,540000.0,banking,da_thanh_toan,KHOP,2026-02-25 11:01:19
1369,1369,20260225,5841000.0,momo,da_thanh_toan,KHOP,2026-02-25 12:17:34
1370,1370,20260225,3510000.0,momo,da_thanh_toan,KHOP,2026-02-25 14:12:49
1371,1371,20260225,4240000.0,momo,da_thanh_toan,KHOP,2026-02-25 17:45:32
1372,1372,20260225,5540000.0,cod,chua_thanh_toan,CHO_XU_LY,2026-02-25 19:26:49
1373,1373,20260225,2376000.0,banking,da_thanh_toan,KHOP,2026-02-25 20:21:45
1374,1374,20260225,3290000.0,cod,da_thanh_toan,CHO_XU_LY,2026-02-25 23:39:32
1375,1375,20260226,1560000.0,cod,chua_thanh_toan,CHO_XU_LY,2026-02-26 04:11:54
1376,1376,20260226,1890000.0,cod,da_thanh_toan,CHO_XU_LY,2026-02-26 07:22:25
1377,1377,20260226,840000.0,cod,chua_thanh_toan,CHO_XU_LY,2026-02-26 13:16:37
1378,1378,20260226,4240000.0,momo,da_thanh_toan,KHOP,2026-02-26 14:04:43
1379,1379,20260226,370000.0,cod,da_thanh_toan,CHO_XU_LY,2026-02-26 23:34:42
1380,1380,20260227,1780000.0,momo,da_thanh_toan,KHOP,2026-02-27 13:02:10
1381,1381,20260227,1560000.0,cod,da_thanh_toan,CHO_XU_LY,2026-02-27 14:00:50
1382,1382,20260227,3300000.0,momo,da_thanh_toan,KHOP,2026-02-27 18:13:48
1383,1383,20260227,640000.0,cod,chua_thanh_toan,CHO_XU_LY,2026-02-27 18:49:57
1384,1384,20260227,1300000.0,banking,da_thanh_toan,KHOP,2026-02-27 20:09:25
1385,1385,20260228,5058000.0,cod,chua_thanh_toan,CHO_XU_LY,2026-02-28 05:56:08
1386,1386,20260228,640000.0,cod,da_thanh_toan,CHO_XU_LY,2026-02-28 17:01:11
1387,1387,20260301,11200000.0,cod,da_thanh_toan,CHO_XU_LY,2026-03-01 00:00:57
1388,1388,20260228,4400000.0,banking,da_thanh_toan,KHOP,2026-02-28 23:53:06
1389,1389,20260301,13740000.0,banking,da_thanh_toan,CHO_XU_LY,2026-03-01 02:18:25
1390,1390,20260301,13930000.0,cod,da_thanh_toan,CHO_XU_LY,2026-03-01 03:11:59
1391,1391,20260301,19404000.0,banking,da_thanh_toan,KHOP,2026-03-01 12:15:23
1392,1392,20260301,1020000.0,cod,da_thanh_toan,CHO_XU_LY,2026-03-01 13:54:48
1393,1393,20260301,5260000.0,cod,da_thanh_toan,CHO_XU_LY,2026-03-01 15:31:37
1394,1394,20260302,6870000.0,cod,da_thanh_toan,CHO_XU_LY,2026-03-02 00:46:18
1395,1395,20260302,7730000.0,banking,da_thanh_toan,CHO_XU_LY,2026-03-02 00:13:32
1396,1396,20260302,900000.0,banking,da_thanh_toan,KHOP,2026-03-02 09:28:04
1397,1397,20260302,8622000.0,momo,da_thanh_toan,KHOP,2026-03-02 11:29:51
1398,1398,20260302,8060000.0,banking,da_thanh_toan,KHOP,2026-03-02 19:58:01
1399,1399,20260302,7930000.0,banking,da_thanh_toan,SAI_LECH,2026-03-02 20:55:15
1400,1400,20260302,4500000.0,momo,da_thanh_toan,KHOP,2026-03-02 22:34:00
1401,1401,20260303,5670000.0,momo,da_thanh_toan,KHOP,2026-03-03 07:01:04
1402,1402,20260303,3120000.0,cod,da_thanh_toan,CHO_XU_LY,2026-03-03 08:31:14
1403,1403,20260303,26360000.0,banking,hoan_tien,KHOP,2026-03-03 11:52:56
1404,1404,20260303,15200000.0,banking,da_thanh_toan,SAI_LECH,2026-03-03 16:45:56
1405,1405,20260303,2340000.0,banking,hoan_tien,CHO_XU_LY,2026-03-03 17:51:51
1406,1406,20260303,8000000.0,banking,da_thanh_toan,KHOP,2026-03-03 21:32:34
1407,1407,20260303,2500000.0,momo,da_thanh_toan,KHOP,2026-03-03 22:53:34
1408,1408,20260303,7080000.0,cod,chua_thanh_toan,CHO_XU_LY,2026-03-03 23:25:04
1409,1409,20260304,14980000.0,momo,hoan_tien,KHOP,2026-03-04 00:52:21
1410,1410,20260304,1560000.0,cod,da_thanh_toan,CHO_XU_LY,2026-03-04 03:08:42
1411,1411,20260304,2410000.0,momo,da_thanh_toan,KHOP,2026-03-04 06:01:57
1412,1412,20260304,1010000.0,cod,da_thanh_toan,CHO_XU_LY,2026-03-04 11:51:14
1413,1413,20260304,10480000.0,cod,da_thanh_toan,CHO_XU_LY,2026-03-04 12:44:17
1414,1414,20260304,450000.0,momo,da_thanh_toan,KHOP,2026-03-04 18:39:40
1415,1415,20260304,4900000.0,momo,hoan_tien,KHOP,2026-03-04 20:01:28
1416,1416,20260304,3440000.0,banking,chua_thanh_toan,KHOP,2026-03-04 22:20:47
1417,1417,20260304,13450000.0,banking,da_thanh_toan,KHOP,2026-03-04 23:21:28
1418,1418,20260304,10430000.0,banking,chua_thanh_toan,KHOP,2026-03-04 23:51:30
1419,1419,20260305,8500000.0,cod,da_thanh_toan,CHO_XU_LY,2026-03-05 11:29:14
1420,1420,20260305,9200000.0,cod,da_thanh_toan,CHO_XU_LY,2026-03-05 15:06:48
1421,1421,20260305,1680000.0,cod,chua_thanh_toan,CHO_XU_LY,2026-03-05 16:34:18
1422,1422,20260305,4680000.0,banking,da_thanh_toan,KHOP,2026-03-05 23:18:39
1423,1423,20260306,960000.0,cod,chua_thanh_toan,CHO_XU_LY,2026-03-06 03:38:22
1424,1424,20260306,1300000.0,cod,that_bai,CHO_XU_LY,2026-03-06 07:12:08
1425,1425,20260306,9600000.0,banking,da_thanh_toan,KHOP,2026-03-06 11:53:46
1426,1426,20260306,1920000.0,banking,da_thanh_toan,KHOP,2026-03-06 14:57:41
1427,1427,20260306,2670000.0,cod,da_thanh_toan,CHO_XU_LY,2026-03-06 18:50:11
1428,1428,20260306,415000.0,banking,da_thanh_toan,KHOP,2026-03-06 19:50:44
1429,1429,20260306,3380000.0,banking,hoan_tien,KHOP,2026-03-06 22:13:28
1430,1430,20260307,1810000.0,cod,da_thanh_toan,CHO_XU_LY,2026-03-07 01:16:41
1431,1431,20260307,10990000.0,cod,da_thanh_toan,CHO_XU_LY,2026-03-07 02:13:07
1432,1432,20260307,21294000.0,cod,da_thanh_toan,CHO_XU_LY,2026-03-07 15:54:00
1433,1433,20260307,6450000.0,momo,da_thanh_toan,KHOP,2026-03-07 17:46:55
1434,1434,20260307,4520000.0,momo,da_thanh_toan,KHOP,2026-03-07 18:26:59
1435,1435,20260307,9600000.0,cod,chua_thanh_toan,CHO_XU_LY,2026-03-07 19:21:57
1436,1436,20260308,1240000.0,cod,da_thanh_toan,CHO_XU_LY,2026-03-08 00:09:58
1437,1437,20260308,1420000.0,momo,da_thanh_toan,CHO_XU_LY,2026-03-08 01:44:49
1438,1438,20260308,2000000.0,cod,da_thanh_toan,CHO_XU_LY,2026-03-08 10:23:07
1439,1439,20260308,5490000.0,banking,da_thanh_toan,KHOP,2026-03-08 15:44:55
1440,1440,20260308,680000.0,cod,da_thanh_toan,CHO_XU_LY,2026-03-08 23:31:20
1441,1441,20260308,4005000.0,cod,da_thanh_toan,CHO_XU_LY,2026-03-08 23:20:25
1442,1442,20260309,1900000.0,banking,da_thanh_toan,KHOP,2026-03-09 06:31:47
1443,1443,20260309,10030000.0,cod,chua_thanh_toan,CHO_XU_LY,2026-03-09 12:29:18
1444,1444,20260309,1670000.0,cod,chua_thanh_toan,CHO_XU_LY,2026-03-09 11:44:10
1445,1445,20260309,1280000.0,cod,da_thanh_toan,CHO_XU_LY,2026-03-09 21:17:40
1446,1446,20260309,15120000.0,cod,da_thanh_toan,CHO_XU_LY,2026-03-09 20:15:41
1447,1447,20260309,320000.0,cod,da_thanh_toan,CHO_XU_LY,2026-03-09 21:34:59
1448,1448,20260310,9960000.0,cod,hoan_tien,CHO_XU_LY,2026-03-10 03:57:22
1449,1449,20260310,15040000.0,banking,da_thanh_toan,KHOP,2026-03-10 05:13:45
1450,1450,20260310,6012000.0,banking,da_thanh_toan,CHO_XU_LY,2026-03-10 08:21:50
1451,1451,20260310,5810000.0,momo,da_thanh_toan,KHOP,2026-03-10 07:38:13
1452,1452,20260310,1920000.0,momo,da_thanh_toan,KHOP,2026-03-10 15:31:27
1453,1453,20260310,11910000.0,momo,da_thanh_toan,KHOP,2026-03-10 18:57:49
1454,1454,20260310,2670000.0,banking,da_thanh_toan,KHOP,2026-03-10 21:14:04
1455,1455,20260311,8200000.0,cod,chua_thanh_toan,CHO_XU_LY,2026-03-11 00:36:33
1456,1456,20260311,1280000.0,cod,da_thanh_toan,CHO_XU_LY,2026-03-11 02:30:04
1457,1457,20260311,3200000.0,cod,da_thanh_toan,CHO_XU_LY,2026-03-11 15:02:10
1458,1458,20260311,9600000.0,banking,da_thanh_toan,KHOP,2026-03-11 16:39:42
1459,1459,20260311,1600000.0,cod,da_thanh_toan,CHO_XU_LY,2026-03-11 17:34:12
1460,1460,20260311,2538000.0,momo,da_thanh_toan,KHOP,2026-03-11 20:41:25
1461,1461,20260311,4670000.0,momo,da_thanh_toan,KHOP,2026-03-11 19:40:59
1462,1462,20260311,23430000.0,cod,da_thanh_toan,CHO_XU_LY,2026-03-11 22:11:14
1463,1463,20260312,2205000.0,cod,da_thanh_toan,CHO_XU_LY,2026-03-12 07:13:28
1464,1464,20260312,4880000.0,banking,da_thanh_toan,KHOP,2026-03-12 12:39:21
1465,1465,20260312,22300000.0,cod,that_bai,CHO_XU_LY,2026-03-12 18:38:46
1466,1466,20260312,15590000.0,banking,da_thanh_toan,KHOP,2026-03-12 23:25:19
1467,1467,20260313,1900000.0,cod,da_thanh_toan,CHO_XU_LY,2026-03-13 10:24:54
1468,1468,20260313,2150000.0,momo,da_thanh_toan,KHOP,2026-03-13 10:21:11
1469,1469,20260313,6040000.0,banking,da_thanh_toan,CHO_XU_LY,2026-03-13 14:00:10
1470,1470,20260313,370000.0,cod,da_thanh_toan,CHO_XU_LY,2026-03-13 15:10:44
1471,1471,20260313,1510000.0,momo,da_thanh_toan,CHO_XU_LY,2026-03-13 18:43:06
1472,1472,20260314,14730000.0,cod,da_thanh_toan,CHO_XU_LY,2026-03-14 03:46:19
1473,1473,20260314,4070000.0,cod,chua_thanh_toan,CHO_XU_LY,2026-03-14 10:34:19
1474,1474,20260314,4520000.0,momo,da_thanh_toan,KHOP,2026-03-14 12:45:05
1475,1475,20260314,6940000.0,cod,da_thanh_toan,CHO_XU_LY,2026-03-14 11:57:29
1476,1476,20260314,5620000.0,cod,da_thanh_toan,CHO_XU_LY,2026-03-14 13:52:34
1477,1477,20260314,6650000.0,banking,chua_thanh_toan,KHOP,2026-03-14 13:51:36
1478,1478,20260314,365000.0,banking,da_thanh_toan,KHOP,2026-03-14 13:51:49
1479,1479,20260314,5210000.0,banking,da_thanh_toan,SAI_LECH,2026-03-14 16:01:31
1480,1480,20260315,3480000.0,cod,da_thanh_toan,CHO_XU_LY,2026-03-15 01:51:19
1481,1481,20260315,5140000.0,cod,da_thanh_toan,CHO_XU_LY,2026-03-15 03:21:57
1482,1482,20260315,540000.0,cod,da_thanh_toan,CHO_XU_LY,2026-03-15 08:07:29
1483,1483,20260315,5240000.0,banking,da_thanh_toan,KHOP,2026-03-15 10:40:23
1484,1484,20260315,8700000.0,banking,da_thanh_toan,SAI_LECH,2026-03-15 17:27:39
1485,1485,20260315,2250000.0,cod,da_thanh_toan,CHO_XU_LY,2026-03-15 20:18:25
1486,1486,20260315,2700000.0,momo,da_thanh_toan,KHOP,2026-03-15 21:39:48
1487,1487,20260316,8020000.0,banking,da_thanh_toan,KHOP,2026-03-16 00:28:22
1488,1488,20260316,7146000.0,cod,hoan_tien,CHO_XU_LY,2026-03-16 06:53:37
1489,1489,20260316,750000.0,banking,hoan_tien,CHO_XU_LY,2026-03-16 11:15:36
1490,1490,20260316,7420000.0,banking,da_thanh_toan,KHOP,2026-03-16 12:17:41
1491,1491,20260316,6120000.0,banking,da_thanh_toan,KHOP,2026-03-16 19:00:06
1492,1492,20260316,7560000.0,cod,chua_thanh_toan,CHO_XU_LY,2026-03-16 21:16:53
1493,1493,20260317,620000.0,cod,chua_thanh_toan,CHO_XU_LY,2026-03-17 01:48:41
1494,1494,20260317,3915000.0,banking,da_thanh_toan,KHOP,2026-03-17 03:45:39
1495,1495,20260317,8130000.0,cod,da_thanh_toan,CHO_XU_LY,2026-03-17 02:55:34
1496,1496,20260317,11760000.0,cod,chua_thanh_toan,CHO_XU_LY,2026-03-17 19:41:15
1497,1497,20260317,2430000.0,cod,da_thanh_toan,CHO_XU_LY,2026-03-17 23:00:57
1498,1498,20260318,6350000.0,cod,da_thanh_toan,CHO_XU_LY,2026-03-18 01:40:56
1499,1499,20260318,558000.0,cod,chua_thanh_toan,CHO_XU_LY,2026-03-18 05:47:15
1500,1500,20260318,10125000.0,momo,da_thanh_toan,KHOP,2026-03-18 06:40:18
1501,1501,20260318,4680000.0,momo,da_thanh_toan,KHOP,2026-03-18 14:30:35
1502,1502,20260318,10400000.0,banking,da_thanh_toan,KHOP,2026-03-18 16:49:28
1503,1503,20260318,11580000.0,cod,chua_thanh_toan,CHO_XU_LY,2026-03-18 17:47:07
1504,1504,20260318,10430000.0,momo,da_thanh_toan,KHOP,2026-03-18 18:49:27
1505,1505,20260318,1240000.0,momo,da_thanh_toan,KHOP,2026-03-18 23:29:56
1506,1506,20260319,8500000.0,cod,da_thanh_toan,CHO_XU_LY,2026-03-19 07:24:36
1507,1507,20260319,15950000.0,banking,da_thanh_toan,KHOP,2026-03-19 10:20:12
1508,1508,20260319,7460000.0,cod,chua_thanh_toan,CHO_XU_LY,2026-03-19 15:48:57
1509,1509,20260319,5550000.0,cod,da_thanh_toan,CHO_XU_LY,2026-03-19 17:35:24
1510,1510,20260319,8860000.0,cod,da_thanh_toan,CHO_XU_LY,2026-03-19 20:41:16
1511,1511,20260320,5130000.0,cod,chua_thanh_toan,CHO_XU_LY,2026-03-20 06:09:11
1512,1512,20260320,20394000.0,cod,da_thanh_toan,CHO_XU_LY,2026-03-20 10:11:16
1513,1513,20260320,1500000.0,cod,chua_thanh_toan,CHO_XU_LY,2026-03-20 16:59:07
1514,1514,20260320,890000.0,cod,da_thanh_toan,CHO_XU_LY,2026-03-20 20:23:54
1515,1515,20260321,2826000.0,banking,hoan_tien,KHOP,2026-03-21 00:03:43
1516,1516,20260321,5770000.0,cod,chua_thanh_toan,CHO_XU_LY,2026-03-21 00:43:00
1517,1517,20260321,4280000.0,cod,da_thanh_toan,CHO_XU_LY,2026-03-21 13:17:36
1518,1518,20260321,13910000.0,momo,da_thanh_toan,KHOP,2026-03-21 17:50:39
1519,1519,20260322,4300000.0,banking,da_thanh_toan,KHOP,2026-03-22 03:24:01
1520,1520,20260322,2270000.0,momo,da_thanh_toan,CHO_XU_LY,2026-03-22 04:26:05
1521,1521,20260322,2799000.0,cod,da_thanh_toan,CHO_XU_LY,2026-03-22 05:50:04
1522,1522,20260322,8860000.0,cod,da_thanh_toan,CHO_XU_LY,2026-03-22 08:57:37
1523,1523,20260322,11560000.0,banking,da_thanh_toan,KHOP,2026-03-22 21:03:17
1524,1524,20260322,5090000.0,momo,hoan_tien,KHOP,2026-03-22 22:17:16
1525,1525,20260322,6860000.0,momo,da_thanh_toan,SAI_LECH,2026-03-22 23:45:08
1526,1526,20260323,700000.0,banking,da_thanh_toan,CHO_XU_LY,2026-03-23 03:44:17
1527,1527,20260323,5260000.0,banking,chua_thanh_toan,KHOP,2026-03-23 07:39:38
1528,1528,20260323,11200000.0,cod,da_thanh_toan,CHO_XU_LY,2026-03-23 11:19:38
1529,1529,20260323,720000.0,banking,hoan_tien,KHOP,2026-03-23 16:46:49
1530,1530,20260323,10000000.0,cod,that_bai,CHO_XU_LY,2026-03-23 23:21:42
1531,1531,20260324,13780000.0,cod,da_thanh_toan,CHO_XU_LY,2026-03-24 02:35:46
1532,1532,20260324,1905000.0,banking,da_thanh_toan,KHOP,2026-03-24 03:34:06
1533,1533,20260324,5940000.0,banking,da_thanh_toan,CHO_XU_LY,2026-03-24 06:11:23
1534,1534,20260324,8990000.0,banking,da_thanh_toan,KHOP,2026-03-24 07:29:48
1535,1535,20260324,880000.0,cod,da_thanh_toan,CHO_XU_LY,2026-03-24 10:20:21
1536,1536,20260324,4200000.0,banking,da_thanh_toan,KHOP,2026-03-24 12:38:13
1537,1537,20260324,621000.0,cod,da_thanh_toan,CHO_XU_LY,2026-03-24 15:25:09
1538,1538,20260325,5750000.0,cod,chua_thanh_toan,CHO_XU_LY,2026-03-25 00:37:04
1539,1539,20260325,250000.0,banking,da_thanh_toan,KHOP,2026-03-25 03:17:11
1540,1540,20260325,11220000.0,cod,chua_thanh_toan,CHO_XU_LY,2026-03-25 17:08:18
1541,1541,20260325,3920000.0,momo,da_thanh_toan,KHOP,2026-03-25 17:04:51
1542,1542,20260325,750000.0,cod,da_thanh_toan,CHO_XU_LY,2026-03-25 19:26:31
1543,1543,20260326,1155000.0,banking,da_thanh_toan,KHOP,2026-03-26 00:51:21
1544,1544,20260326,3110000.0,momo,da_thanh_toan,KHOP,2026-03-26 02:41:30
1545,1545,20260326,17330000.0,cod,da_thanh_toan,CHO_XU_LY,2026-03-26 03:58:29
1546,1546,20260326,2880000.0,cod,da_thanh_toan,CHO_XU_LY,2026-03-26 07:29:01
1547,1547,20260326,2610000.0,momo,da_thanh_toan,KHOP,2026-03-26 12:19:59
1548,1548,20260326,1700000.0,banking,da_thanh_toan,KHOP,2026-03-26 19:40:35
1549,1549,20260326,1080000.0,cod,chua_thanh_toan,CHO_XU_LY,2026-03-26 19:41:20
1550,1550,20260326,8082000.0,cod,da_thanh_toan,CHO_XU_LY,2026-03-26 20:24:26
1551,1551,20260326,6690000.0,banking,da_thanh_toan,KHOP,2026-03-26 23:09:05
1552,1552,20260327,5310000.0,cod,da_thanh_toan,CHO_XU_LY,2026-03-27 01:18:00
1553,1553,20260327,3480000.0,cod,da_thanh_toan,CHO_XU_LY,2026-03-27 05:15:18
1554,1554,20260327,4824000.0,momo,da_thanh_toan,KHOP,2026-03-27 07:11:06
1555,1555,20260327,7860000.0,momo,da_thanh_toan,KHOP,2026-03-27 13:04:49
1556,1556,20260327,2520000.0,cod,da_thanh_toan,CHO_XU_LY,2026-03-27 15:56:52
1557,1557,20260327,2430000.0,cod,chua_thanh_toan,CHO_XU_LY,2026-03-27 17:43:17
1558,1558,20260328,690000.0,momo,da_thanh_toan,KHOP,2026-03-28 15:43:58
1559,1559,20260329,9235000.0,cod,da_thanh_toan,CHO_XU_LY,2026-03-29 01:10:27
1560,1560,20260329,8670000.0,cod,da_thanh_toan,CHO_XU_LY,2026-03-29 07:47:51
1561,1561,20260329,6327000.0,banking,hoan_tien,KHOP,2026-03-29 13:28:39
1562,1562,20260329,9020000.0,cod,chua_thanh_toan,CHO_XU_LY,2026-03-29 15:45:22
1563,1563,20260329,5778000.0,banking,da_thanh_toan,KHOP,2026-03-29 16:59:48
1564,1564,20260329,1160000.0,cod,that_bai,CHO_XU_LY,2026-03-29 19:18:55
1565,1565,20260329,4280000.0,momo,da_thanh_toan,KHOP,2026-03-29 21:35:14
1566,1566,20260329,1040000.0,banking,da_thanh_toan,CHO_XU_LY,2026-03-29 21:55:08
1567,1567,20260329,5544000.0,cod,da_thanh_toan,CHO_XU_LY,2026-03-29 23:22:24
1568,1568,20260330,1470000.0,cod,da_thanh_toan,CHO_XU_LY,2026-03-30 01:09:38
1569,1569,20260330,9340000.0,cod,chua_thanh_toan,CHO_XU_LY,2026-03-30 02:24:06
1570,1570,20260330,4840000.0,banking,hoan_tien,KHOP,2026-03-30 07:28:55
1571,1571,20260330,2550000.0,cod,chua_thanh_toan,CHO_XU_LY,2026-03-30 09:12:37
1572,1572,20260330,7840000.0,cod,da_thanh_toan,CHO_XU_LY,2026-03-30 14:12:09
1573,1573,20260331,6060000.0,momo,da_thanh_toan,KHOP,2026-03-31 01:32:31
1574,1574,20260331,7790000.0,momo,da_thanh_toan,KHOP,2026-03-31 05:30:10
1575,1575,20260331,1560000.0,cod,that_bai,CHO_XU_LY,2026-03-31 05:56:25
1576,1576,20260331,5120000.0,momo,da_thanh_toan,KHOP,2026-03-31 08:00:38
1577,1577,20260331,4900000.0,cod,da_thanh_toan,CHO_XU_LY,2026-03-31 11:06:32
1578,1578,20260331,13710000.0,momo,da_thanh_toan,KHOP,2026-03-31 14:01:02
1579,1579,20260331,1310000.0,cod,da_thanh_toan,CHO_XU_LY,2026-03-31 15:29:36
1580,1580,20260331,2830000.0,cod,that_bai,CHO_XU_LY,2026-03-31 20:59:27
1581,1581,20260401,7992000.0,banking,da_thanh_toan,KHOP,2026-04-01 03:34:56
1582,1582,20260401,2520000.0,momo,da_thanh_toan,KHOP,2026-04-01 14:46:16
1583,1583,20260401,8360000.0,cod,da_thanh_toan,CHO_XU_LY,2026-04-01 15:11:04
1584,1584,20260401,16730000.0,cod,that_bai,CHO_XU_LY,2026-04-01 18:39:02
1585,1585,20260401,400000.0,banking,da_thanh_toan,CHO_XU_LY,2026-04-01 19:08:51
1586,1586,20260401,7560000.0,banking,hoan_tien,KHOP,2026-04-01 22:58:56
1587,1587,20260402,11150000.0,cod,that_bai,CHO_XU_LY,2026-04-02 02:30:53
1588,1588,20260402,840000.0,momo,da_thanh_toan,KHOP,2026-04-02 03:32:22
1589,1589,20260402,8360000.0,cod,da_thanh_toan,CHO_XU_LY,2026-04-02 08:16:37
1590,1590,20260402,6750000.0,banking,da_thanh_toan,SAI_LECH,2026-04-02 13:52:50
1591,1591,20260402,690000.0,cod,da_thanh_toan,CHO_XU_LY,2026-04-02 14:53:36
1592,1592,20260403,19810000.0,banking,da_thanh_toan,KHOP,2026-04-03 01:15:50
1593,1593,20260403,6630000.0,momo,da_thanh_toan,KHOP,2026-04-03 01:58:24
1594,1594,20260403,1510000.0,banking,da_thanh_toan,KHOP,2026-04-03 03:14:03
1595,1595,20260403,750000.0,cod,da_thanh_toan,CHO_XU_LY,2026-04-03 10:53:50
1596,1596,20260403,3350000.0,cod,da_thanh_toan,CHO_XU_LY,2026-04-03 10:57:04
1597,1597,20260403,8390000.0,banking,da_thanh_toan,KHOP,2026-04-03 16:57:17
1598,1598,20260403,3755000.0,cod,that_bai,CHO_XU_LY,2026-04-03 17:49:58
1599,1599,20260404,14120000.0,momo,da_thanh_toan,KHOP,2026-04-04 15:10:09
1600,1600,20260404,9840000.0,banking,da_thanh_toan,KHOP,2026-04-04 18:01:02
1601,1601,20260404,5910000.0,momo,chua_thanh_toan,KHOP,2026-04-04 23:53:33
1602,1602,20260405,11628000.0,banking,da_thanh_toan,SAI_LECH,2026-04-05 03:29:17
1603,1603,20260405,13070000.0,cod,da_thanh_toan,CHO_XU_LY,2026-04-05 14:48:20
1604,1604,20260405,6410000.0,momo,chua_thanh_toan,KHOP,2026-04-05 19:41:20
1605,1605,20260405,11070000.0,cod,chua_thanh_toan,CHO_XU_LY,2026-04-05 18:51:40
1606,1606,20260405,6900000.0,cod,da_thanh_toan,CHO_XU_LY,2026-04-05 18:13:59
1607,1607,20260405,3680000.0,banking,da_thanh_toan,CHO_XU_LY,2026-04-05 22:15:42
1608,1608,20260406,5280000.0,cod,da_thanh_toan,CHO_XU_LY,2026-04-06 05:57:35
1609,1609,20260406,370000.0,cod,chua_thanh_toan,CHO_XU_LY,2026-04-06 08:06:07
1610,1610,20260406,1410000.0,momo,da_thanh_toan,KHOP,2026-04-06 15:19:21
1611,1611,20260406,2150000.0,momo,da_thanh_toan,KHOP,2026-04-06 18:32:40
1612,1612,20260406,650000.0,banking,da_thanh_toan,KHOP,2026-04-06 18:42:17
1613,1613,20260406,9920000.0,cod,da_thanh_toan,CHO_XU_LY,2026-04-06 20:27:40
1614,1614,20260406,2620000.0,cod,chua_thanh_toan,CHO_XU_LY,2026-04-06 23:43:12
1615,1615,20260407,4200000.0,banking,da_thanh_toan,KHOP,2026-04-07 01:03:11
1616,1616,20260407,2600000.0,cod,da_thanh_toan,CHO_XU_LY,2026-04-07 05:43:35
1617,1617,20260407,260000.0,cod,chua_thanh_toan,CHO_XU_LY,2026-04-07 14:37:12
1618,1618,20260407,415000.0,momo,that_bai,KHOP,2026-04-07 17:11:13
1619,1619,20260407,11664000.0,cod,chua_thanh_toan,CHO_XU_LY,2026-04-07 17:45:24
1620,1620,20260407,5740000.0,momo,da_thanh_toan,KHOP,2026-04-07 20:42:06
1621,1621,20260407,1050000.0,banking,da_thanh_toan,CHO_XU_LY,2026-04-07 19:59:35
1622,1622,20260407,12900000.0,banking,da_thanh_toan,SAI_LECH,2026-04-07 22:34:20
1623,1623,20260408,6048000.0,banking,da_thanh_toan,CHO_XU_LY,2026-04-08 07:26:17
1624,1624,20260408,1512000.0,cod,chua_thanh_toan,CHO_XU_LY,2026-04-08 08:10:10
1625,1625,20260408,370000.0,momo,da_thanh_toan,CHO_XU_LY,2026-04-08 08:21:18
1626,1626,20260408,7280000.0,momo,da_thanh_toan,KHOP,2026-04-08 10:11:22
1627,1627,20260408,4160000.0,cod,da_thanh_toan,CHO_XU_LY,2026-04-08 12:34:49
1628,1628,20260408,4130000.0,momo,da_thanh_toan,KHOP,2026-04-08 19:46:00
1629,1629,20260408,920000.0,momo,da_thanh_toan,KHOP,2026-04-08 20:05:18
1630,1630,20260409,2592000.0,momo,da_thanh_toan,SAI_LECH,2026-04-09 01:07:09
1631,1631,20260409,16800000.0,cod,chua_thanh_toan,CHO_XU_LY,2026-04-09 18:56:51
1632,1632,20260409,2180000.0,banking,da_thanh_toan,KHOP,2026-04-09 23:04:19
1633,1633,20260410,840000.0,banking,da_thanh_toan,SAI_LECH,2026-04-10 00:24:08
1634,1634,20260410,11600000.0,cod,da_thanh_toan,CHO_XU_LY,2026-04-10 03:01:17
1635,1635,20260410,890000.0,cod,hoan_tien,CHO_XU_LY,2026-04-10 06:42:46
1636,1636,20260410,6420000.0,banking,da_thanh_toan,KHOP,2026-04-10 05:44:02
1637,1637,20260410,5427000.0,cod,da_thanh_toan,CHO_XU_LY,2026-04-10 07:41:35
1638,1638,20260410,3380000.0,cod,chua_thanh_toan,CHO_XU_LY,2026-04-10 09:37:45
1639,1639,20260410,13680000.0,cod,da_thanh_toan,CHO_XU_LY,2026-04-10 12:06:55
1640,1640,20260410,2646000.0,cod,hoan_tien,CHO_XU_LY,2026-04-10 23:43:36
1641,1641,20260411,3300000.0,banking,da_thanh_toan,CHO_XU_LY,2026-04-11 03:01:13
1642,1642,20260411,1105000.0,momo,da_thanh_toan,KHOP,2026-04-11 03:39:44
1643,1643,20260411,8500000.0,cod,da_thanh_toan,CHO_XU_LY,2026-04-11 10:27:18
1644,1644,20260411,19000000.0,banking,da_thanh_toan,KHOP,2026-04-11 17:20:54
1645,1645,20260412,4806000.0,cod,da_thanh_toan,CHO_XU_LY,2026-04-12 04:56:00
1646,1646,20260412,1280000.0,momo,da_thanh_toan,KHOP,2026-04-12 06:24:13
1647,1647,20260412,8590000.0,momo,da_thanh_toan,KHOP,2026-04-12 06:36:09
1648,1648,20260412,2050000.0,momo,da_thanh_toan,KHOP,2026-04-12 11:42:10
1649,1649,20260412,2988000.0,banking,da_thanh_toan,KHOP,2026-04-12 11:16:14
1650,1650,20260412,9702000.0,cod,da_thanh_toan,CHO_XU_LY,2026-04-12 12:17:28
1651,1651,20260412,1260000.0,cod,chua_thanh_toan,CHO_XU_LY,2026-04-12 21:47:41
1652,1652,20260412,5550000.0,banking,da_thanh_toan,KHOP,2026-04-12 22:17:23
1653,1653,20260413,630000.0,momo,da_thanh_toan,KHOP,2026-04-13 06:12:41
1654,1654,20260413,8720000.0,banking,da_thanh_toan,KHOP,2026-04-13 06:07:32
1655,1655,20260413,23870000.0,banking,da_thanh_toan,KHOP,2026-04-13 08:35:28
1656,1656,20260413,350000.0,cod,da_thanh_toan,CHO_XU_LY,2026-04-13 09:49:29
1657,1657,20260413,780000.0,cod,da_thanh_toan,CHO_XU_LY,2026-04-13 12:46:25
1658,1658,20260413,4950000.0,cod,da_thanh_toan,CHO_XU_LY,2026-04-13 13:31:04
1659,1659,20260413,5240000.0,cod,da_thanh_toan,CHO_XU_LY,2026-04-13 15:24:28
1660,1660,20260413,15580000.0,cod,da_thanh_toan,CHO_XU_LY,2026-04-13 16:57:21
1661,1661,20260413,5670000.0,banking,da_thanh_toan,SAI_LECH,2026-04-13 20:08:55
1662,1662,20260413,8580000.0,cod,chua_thanh_toan,CHO_XU_LY,2026-04-13 19:45:30
1663,1663,20260414,2990000.0,cod,da_thanh_toan,CHO_XU_LY,2026-04-14 01:08:43
1664,1664,20260414,890000.0,cod,chua_thanh_toan,CHO_XU_LY,2026-04-14 05:23:21
1665,1665,20260414,8450000.0,cod,da_thanh_toan,CHO_XU_LY,2026-04-14 22:40:14
1666,1666,20260415,2500000.0,cod,da_thanh_toan,CHO_XU_LY,2026-04-15 04:05:07
1667,1667,20260415,1611000.0,banking,da_thanh_toan,KHOP,2026-04-15 12:04:24
1668,1668,20260415,220000.0,cod,chua_thanh_toan,CHO_XU_LY,2026-04-15 22:40:01
1669,1669,20260416,1260000.0,cod,chua_thanh_toan,CHO_XU_LY,2026-04-16 00:26:56
1670,1670,20260416,2540000.0,cod,chua_thanh_toan,CHO_XU_LY,2026-04-16 00:39:40
1671,1671,20260416,1410000.0,banking,da_thanh_toan,KHOP,2026-04-16 02:25:12
1672,1672,20260416,2720000.0,momo,da_thanh_toan,KHOP,2026-04-16 16:09:52
1673,1673,20260416,4000000.0,banking,da_thanh_toan,KHOP,2026-04-16 15:39:25
1674,1674,20260416,1100000.0,cod,da_thanh_toan,CHO_XU_LY,2026-04-16 16:49:55
1675,1675,20260416,6750000.0,momo,da_thanh_toan,KHOP,2026-04-16 18:02:49
1676,1676,20260416,8225000.0,banking,hoan_tien,KHOP,2026-04-16 18:01:53
1677,1677,20260416,3170000.0,cod,chua_thanh_toan,CHO_XU_LY,2026-04-16 19:22:40
1678,1678,20260416,7140000.0,cod,chua_thanh_toan,CHO_XU_LY,2026-04-16 20:27:01
1679,1679,20260417,6183000.0,momo,da_thanh_toan,KHOP,2026-04-17 01:23:15
1680,1680,20260417,3920000.0,cod,chua_thanh_toan,CHO_XU_LY,2026-04-17 06:10:48
1681,1681,20260417,3120000.0,banking,da_thanh_toan,CHO_XU_LY,2026-04-17 09:56:53
1682,1682,20260417,13760000.0,banking,da_thanh_toan,KHOP,2026-04-17 15:47:20
1683,1683,20260417,8700000.0,banking,da_thanh_toan,KHOP,2026-04-17 20:42:07
1684,1684,20260417,7850000.0,banking,da_thanh_toan,KHOP,2026-04-17 21:27:18
1685,1685,20260418,12520000.0,banking,da_thanh_toan,KHOP,2026-04-18 03:43:50
1686,1686,20260418,2650000.0,cod,da_thanh_toan,CHO_XU_LY,2026-04-18 03:55:46
1687,1687,20260418,1350000.0,cod,da_thanh_toan,CHO_XU_LY,2026-04-18 05:59:42
1688,1688,20260418,6020000.0,banking,da_thanh_toan,KHOP,2026-04-18 05:55:43
1689,1689,20260418,1350000.0,cod,da_thanh_toan,CHO_XU_LY,2026-04-18 10:14:35
1690,1690,20260418,1500000.0,banking,da_thanh_toan,KHOP,2026-04-18 09:29:28
1691,1691,20260418,350000.0,cod,chua_thanh_toan,CHO_XU_LY,2026-04-18 19:55:37
1692,1692,20260419,7560000.0,banking,da_thanh_toan,KHOP,2026-04-19 01:18:31
1693,1693,20260419,1960000.0,banking,da_thanh_toan,KHOP,2026-04-19 03:38:48
1694,1694,20260419,12620000.0,banking,da_thanh_toan,KHOP,2026-04-19 04:24:34
1695,1695,20260419,9140000.0,cod,da_thanh_toan,CHO_XU_LY,2026-04-19 05:36:25
1696,1696,20260419,2900000.0,cod,chua_thanh_toan,CHO_XU_LY,2026-04-19 12:04:17
1697,1697,20260419,5340000.0,cod,chua_thanh_toan,CHO_XU_LY,2026-04-19 13:13:31
1698,1698,20260419,5000000.0,momo,hoan_tien,KHOP,2026-04-19 19:33:14
1699,1699,20260419,3180000.0,cod,chua_thanh_toan,CHO_XU_LY,2026-04-19 19:31:23
1700,1700,20260420,2890000.0,cod,chua_thanh_toan,CHO_XU_LY,2026-04-20 06:26:18
1701,1701,20260420,13320000.0,cod,da_thanh_toan,CHO_XU_LY,2026-04-20 07:55:28
1702,1702,20260420,2890000.0,momo,da_thanh_toan,KHOP,2026-04-20 10:04:54
1703,1703,20260420,6070000.0,banking,chua_thanh_toan,KHOP,2026-04-20 13:08:15
1704,1704,20260420,1500000.0,cod,da_thanh_toan,CHO_XU_LY,2026-04-20 13:22:40
1705,1705,20260420,3204000.0,banking,da_thanh_toan,KHOP,2026-04-20 15:35:10
1706,1706,20260420,5780000.0,momo,da_thanh_toan,KHOP,2026-04-20 16:31:03
1707,1707,20260420,2106000.0,cod,chua_thanh_toan,CHO_XU_LY,2026-04-20 17:22:23
1708,1708,20260420,7560000.0,banking,da_thanh_toan,KHOP,2026-04-20 18:07:47
1709,1709,20260420,3483000.0,momo,da_thanh_toan,KHOP,2026-04-20 22:30:35
1710,1710,20260421,3850000.0,momo,da_thanh_toan,KHOP,2026-04-21 05:17:55
1711,1711,20260421,1240000.0,cod,chua_thanh_toan,CHO_XU_LY,2026-04-21 06:50:59
1712,1712,20260421,3130000.0,momo,da_thanh_toan,KHOP,2026-04-21 09:02:39
1713,1713,20260421,1680000.0,cod,chua_thanh_toan,CHO_XU_LY,2026-04-21 13:03:10
1714,1714,20260421,310000.0,cod,da_thanh_toan,CHO_XU_LY,2026-04-21 13:37:10
1715,1715,20260421,12870000.0,momo,da_thanh_toan,KHOP,2026-04-21 14:44:17
1716,1716,20260421,7110000.0,cod,da_thanh_toan,CHO_XU_LY,2026-04-21 19:19:28
1717,1717,20260421,5650000.0,momo,da_thanh_toan,CHO_XU_LY,2026-04-21 19:31:41
1718,1718,20260421,5480000.0,banking,da_thanh_toan,KHOP,2026-04-21 21:11:55
1719,1719,20260421,16870000.0,cod,da_thanh_toan,CHO_XU_LY,2026-04-21 22:26:11
1720,1720,20260421,3530000.0,cod,hoan_tien,CHO_XU_LY,2026-04-21 23:36:36
1721,1721,20260421,6610000.0,cod,da_thanh_toan,CHO_XU_LY,2026-04-21 23:48:04
1722,1722,20260422,13810000.0,banking,da_thanh_toan,KHOP,2026-04-22 08:21:11
1723,1723,20260422,15740000.0,cod,da_thanh_toan,CHO_XU_LY,2026-04-22 09:24:11
1724,1724,20260422,2950000.0,cod,da_thanh_toan,CHO_XU_LY,2026-04-22 17:34:30
1725,1725,20260422,650000.0,cod,da_thanh_toan,CHO_XU_LY,2026-04-22 18:50:26
1726,1726,20260422,4100000.0,cod,chua_thanh_toan,CHO_XU_LY,2026-04-22 20:40:30
1727,1727,20260422,6858000.0,cod,chua_thanh_toan,CHO_XU_LY,2026-04-22 23:22:31
1728,1728,20260423,13420000.0,cod,chua_thanh_toan,CHO_XU_LY,2026-04-23 01:50:03
1729,1729,20260423,2340000.0,cod,da_thanh_toan,CHO_XU_LY,2026-04-23 02:16:33
1730,1730,20260423,2100000.0,banking,da_thanh_toan,CHO_XU_LY,2026-04-23 10:15:23
1731,1731,20260423,510000.0,cod,chua_thanh_toan,CHO_XU_LY,2026-04-23 13:26:38
1732,1732,20260423,2060000.0,cod,da_thanh_toan,CHO_XU_LY,2026-04-23 16:40:10
1733,1733,20260423,3250000.0,momo,da_thanh_toan,KHOP,2026-04-23 20:48:23
1734,1734,20260423,1480000.0,banking,da_thanh_toan,KHOP,2026-04-23 20:00:24
1735,1735,20260423,2590000.0,cod,da_thanh_toan,CHO_XU_LY,2026-04-23 21:12:00
1736,1736,20260424,2790000.0,cod,da_thanh_toan,CHO_XU_LY,2026-04-24 01:19:05
1737,1737,20260424,2320000.0,banking,chua_thanh_toan,KHOP,2026-04-24 02:53:17
1738,1738,20260424,18110000.0,banking,da_thanh_toan,KHOP,2026-04-24 04:34:13
1739,1739,20260424,10260000.0,banking,da_thanh_toan,KHOP,2026-04-24 23:06:48
1740,1740,20260425,12305000.0,banking,da_thanh_toan,KHOP,2026-04-25 07:23:12
1741,1741,20260425,6210000.0,banking,hoan_tien,KHOP,2026-04-25 15:34:12
1742,1742,20260425,12760000.0,banking,da_thanh_toan,KHOP,2026-04-25 15:48:18
1743,1743,20260425,840000.0,cod,da_thanh_toan,CHO_XU_LY,2026-04-25 19:57:18
1744,1744,20260425,9480000.0,banking,da_thanh_toan,KHOP,2026-04-25 22:27:48
1745,1745,20260426,8470000.0,cod,da_thanh_toan,CHO_XU_LY,2026-04-26 00:08:35
1746,1746,20260426,2970000.0,cod,chua_thanh_toan,CHO_XU_LY,2026-04-26 03:47:44
1747,1747,20260426,7560000.0,momo,da_thanh_toan,KHOP,2026-04-26 03:02:40
1748,1748,20260426,4180000.0,cod,da_thanh_toan,CHO_XU_LY,2026-04-26 04:15:24
1749,1749,20260426,3590000.0,cod,da_thanh_toan,CHO_XU_LY,2026-04-26 04:42:37
1750,1750,20260426,11510000.0,cod,chua_thanh_toan,CHO_XU_LY,2026-04-26 10:38:36
1751,1751,20260426,310000.0,momo,da_thanh_toan,KHOP,2026-04-26 14:18:59
1752,1752,20260426,4945000.0,cod,that_bai,CHO_XU_LY,2026-04-26 14:29:35
1753,1753,20260426,12250000.0,banking,da_thanh_toan,KHOP,2026-04-26 18:42:00
1754,1754,20260427,26000000.0,momo,da_thanh_toan,KHOP,2026-04-27 00:00:58
1755,1755,20260427,2130000.0,banking,chua_thanh_toan,CHO_XU_LY,2026-04-27 04:09:19
1756,1756,20260427,1998000.0,cod,da_thanh_toan,CHO_XU_LY,2026-04-27 05:22:21
1757,1757,20260427,8350000.0,cod,chua_thanh_toan,CHO_XU_LY,2026-04-27 05:52:02
1758,1758,20260427,4920000.0,banking,da_thanh_toan,KHOP,2026-04-27 09:25:30
1759,1759,20260427,4940000.0,cod,da_thanh_toan,CHO_XU_LY,2026-04-27 13:18:01
1760,1760,20260427,8970000.0,banking,da_thanh_toan,KHOP,2026-04-27 20:16:28
1761,1761,20260427,4450000.0,cod,da_thanh_toan,CHO_XU_LY,2026-04-27 20:51:40
1762,1762,20260428,460000.0,momo,da_thanh_toan,KHOP,2026-04-28 00:36:42
1763,1763,20260428,7020000.0,cod,da_thanh_toan,CHO_XU_LY,2026-04-28 02:13:26
1764,1764,20260428,1050000.0,cod,da_thanh_toan,CHO_XU_LY,2026-04-28 08:53:36
1765,1765,20260428,3960000.0,momo,da_thanh_toan,KHOP,2026-04-28 15:26:40
1766,1766,20260429,11340000.0,cod,chua_thanh_toan,CHO_XU_LY,2026-04-29 04:23:17
1767,1767,20260429,13380000.0,banking,da_thanh_toan,KHOP,2026-04-29 03:31:29
1768,1768,20260429,15400000.0,cod,da_thanh_toan,CHO_XU_LY,2026-04-29 04:44:07
1769,1769,20260429,1450000.0,cod,da_thanh_toan,CHO_XU_LY,2026-04-29 08:17:48
1770,1770,20260429,2930000.0,cod,da_thanh_toan,CHO_XU_LY,2026-04-29 08:30:05
1771,1771,20260429,2120000.0,cod,da_thanh_toan,CHO_XU_LY,2026-04-29 10:31:14
1772,1772,20260429,1560000.0,cod,chua_thanh_toan,CHO_XU_LY,2026-04-29 11:29:52
1773,1773,20260429,520000.0,momo,da_thanh_toan,KHOP,2026-04-29 15:45:24
1774,1774,20260429,9180000.0,momo,chua_thanh_toan,KHOP,2026-04-29 18:08:11
1775,1775,20260429,354000.0,cod,chua_thanh_toan,CHO_XU_LY,2026-04-29 22:40:32
1776,1776,20260501,10760000.0,cod,da_thanh_toan,CHO_XU_LY,2026-05-01 01:32:03
1777,1777,20260501,4010000.0,cod,da_thanh_toan,CHO_XU_LY,2026-05-01 06:41:50
1778,1778,20260501,13470000.0,momo,hoan_tien,KHOP,2026-05-01 10:50:26
1779,1779,20260501,1860000.0,cod,da_thanh_toan,CHO_XU_LY,2026-05-01 12:47:55
1780,1780,20260501,4150000.0,momo,da_thanh_toan,KHOP,2026-05-01 18:10:54
1781,1781,20260502,680000.0,momo,chua_thanh_toan,KHOP,2026-05-02 00:54:47
1782,1782,20260502,750000.0,banking,da_thanh_toan,KHOP,2026-05-02 11:47:17
1783,1783,20260502,310000.0,cod,da_thanh_toan,CHO_XU_LY,2026-05-02 17:52:42
1784,1784,20260502,14290000.0,cod,da_thanh_toan,CHO_XU_LY,2026-05-02 17:52:00
1785,1785,20260502,12915000.0,cod,da_thanh_toan,CHO_XU_LY,2026-05-02 17:46:28
1786,1786,20260503,6640000.0,banking,da_thanh_toan,KHOP,2026-05-03 00:54:51
1787,1787,20260503,6310000.0,banking,chua_thanh_toan,KHOP,2026-05-03 02:27:32
1788,1788,20260503,4350000.0,cod,da_thanh_toan,CHO_XU_LY,2026-05-03 04:33:58
1789,1789,20260503,4590000.0,cod,chua_thanh_toan,CHO_XU_LY,2026-05-03 07:35:16
1790,1790,20260503,9405000.0,cod,da_thanh_toan,CHO_XU_LY,2026-05-03 11:27:23
1791,1791,20260503,1920000.0,cod,da_thanh_toan,CHO_XU_LY,2026-05-03 13:20:06
1792,1792,20260503,13730000.0,banking,da_thanh_toan,CHO_XU_LY,2026-05-03 17:54:52
1793,1793,20260503,2800000.0,cod,da_thanh_toan,CHO_XU_LY,2026-05-03 19:22:37
1794,1794,20260504,2840000.0,banking,da_thanh_toan,KHOP,2026-05-04 03:46:11
1795,1795,20260504,460000.0,banking,da_thanh_toan,KHOP,2026-05-04 05:26:42
1796,1796,20260504,640000.0,cod,da_thanh_toan,CHO_XU_LY,2026-05-04 06:36:22
1797,1797,20260504,6900000.0,cod,da_thanh_toan,CHO_XU_LY,2026-05-04 08:28:27
1798,1798,20260504,5733000.0,banking,da_thanh_toan,CHO_XU_LY,2026-05-04 11:53:13
1799,1799,20260504,6360000.0,momo,chua_thanh_toan,KHOP,2026-05-04 12:01:40
1800,1800,20260504,376500.0,cod,chua_thanh_toan,CHO_XU_LY,2026-05-04 12:49:44
1801,1801,20260504,21450000.0,momo,da_thanh_toan,KHOP,2026-05-04 13:19:39
1802,1802,20260504,5976000.0,cod,da_thanh_toan,CHO_XU_LY,2026-05-04 14:57:35
1803,1803,20260504,3300000.0,cod,hoan_tien,CHO_XU_LY,2026-05-04 14:22:43
1804,1804,20260504,7660000.0,cod,da_thanh_toan,CHO_XU_LY,2026-05-04 20:37:19
1805,1805,20260504,1280000.0,banking,da_thanh_toan,KHOP,2026-05-04 22:06:12
1806,1806,20260505,2480000.0,momo,da_thanh_toan,KHOP,2026-05-05 06:53:36
1807,1807,20260505,5750000.0,cod,da_thanh_toan,CHO_XU_LY,2026-05-05 07:37:41
1808,1808,20260505,2160000.0,momo,hoan_tien,KHOP,2026-05-05 16:36:19
1809,1809,20260506,2890000.0,cod,chua_thanh_toan,CHO_XU_LY,2026-05-06 02:27:41
1810,1810,20260506,580000.0,cod,da_thanh_toan,CHO_XU_LY,2026-05-06 02:49:37
1811,1811,20260506,7236000.0,momo,da_thanh_toan,KHOP,2026-05-06 04:10:30
1812,1812,20260506,3640000.0,cod,da_thanh_toan,CHO_XU_LY,2026-05-06 06:14:55
1813,1813,20260506,3680000.0,momo,da_thanh_toan,KHOP,2026-05-06 08:50:52
1814,1814,20260506,3430000.0,banking,da_thanh_toan,KHOP,2026-05-06 11:26:23
1815,1815,20260506,2040000.0,banking,da_thanh_toan,KHOP,2026-05-06 13:20:29
1816,1816,20260507,4225000.0,cod,da_thanh_toan,CHO_XU_LY,2026-05-07 04:09:48
1817,1817,20260507,8735000.0,banking,da_thanh_toan,KHOP,2026-05-07 07:43:33
1818,1818,20260507,7930000.0,cod,chua_thanh_toan,CHO_XU_LY,2026-05-07 08:33:49
1819,1819,20260507,5130000.0,cod,da_thanh_toan,CHO_XU_LY,2026-05-07 09:23:34
1820,1820,20260507,4840000.0,cod,chua_thanh_toan,CHO_XU_LY,2026-05-07 10:12:59
1821,1821,20260507,1330000.0,banking,da_thanh_toan,KHOP,2026-05-07 11:17:38
1822,1822,20260507,570000.0,banking,da_thanh_toan,KHOP,2026-05-07 13:12:44
1823,1823,20260507,4730000.0,banking,da_thanh_toan,KHOP,2026-05-07 14:12:38
1824,1824,20260507,11020000.0,banking,da_thanh_toan,KHOP,2026-05-07 15:57:24
1825,1825,20260508,2340000.0,momo,da_thanh_toan,CHO_XU_LY,2026-05-08 00:39:18
1826,1826,20260508,10593000.0,cod,chua_thanh_toan,CHO_XU_LY,2026-05-08 00:16:21
1827,1827,20260508,3040000.0,cod,da_thanh_toan,CHO_XU_LY,2026-05-08 00:55:09
1828,1828,20260508,2808000.0,banking,da_thanh_toan,KHOP,2026-05-08 06:26:49
1829,1829,20260508,10314000.0,cod,chua_thanh_toan,CHO_XU_LY,2026-05-08 07:17:58
1830,1830,20260508,12370000.0,cod,chua_thanh_toan,CHO_XU_LY,2026-05-08 10:25:24
1831,1831,20260508,3680000.0,cod,chua_thanh_toan,CHO_XU_LY,2026-05-08 10:25:01
1832,1832,20260509,12330000.0,momo,da_thanh_toan,KHOP,2026-05-09 08:07:21
1833,1833,20260509,650000.0,banking,chua_thanh_toan,KHOP,2026-05-09 19:34:35
1834,1834,20260510,4330000.0,momo,da_thanh_toan,KHOP,2026-05-10 04:08:03
1835,1835,20260510,3204000.0,cod,da_thanh_toan,CHO_XU_LY,2026-05-10 07:18:52
1836,1836,20260510,440000.0,momo,da_thanh_toan,KHOP,2026-05-10 08:20:04
1837,1837,20260510,2240000.0,cod,da_thanh_toan,CHO_XU_LY,2026-05-10 13:57:08
1838,1838,20260510,4890000.0,cod,da_thanh_toan,CHO_XU_LY,2026-05-10 13:13:45
1839,1839,20260510,1790000.0,cod,da_thanh_toan,CHO_XU_LY,2026-05-10 18:11:58
1840,1840,20260510,5000000.0,cod,da_thanh_toan,CHO_XU_LY,2026-05-10 20:49:47
1841,1841,20260510,3980000.0,momo,da_thanh_toan,KHOP,2026-05-10 23:30:21
1842,1842,20260511,6770000.0,banking,hoan_tien,KHOP,2026-05-11 05:40:45
1843,1843,20260511,4060000.0,momo,da_thanh_toan,KHOP,2026-05-11 09:43:22
1844,1844,20260511,8400000.0,cod,da_thanh_toan,CHO_XU_LY,2026-05-11 09:17:09
1845,1845,20260511,6048000.0,banking,da_thanh_toan,KHOP,2026-05-11 11:54:58
1846,1846,20260511,1116000.0,banking,da_thanh_toan,CHO_XU_LY,2026-05-11 22:04:18
1847,1847,20260511,620000.0,banking,chua_thanh_toan,KHOP,2026-05-11 21:36:02
1848,1848,20260512,4455000.0,banking,da_thanh_toan,SAI_LECH,2026-05-12 01:28:21
1849,1849,20260512,4060000.0,momo,da_thanh_toan,KHOP,2026-05-12 08:45:09
1850,1850,20260512,11080000.0,momo,da_thanh_toan,CHO_XU_LY,2026-05-12 10:19:07
1851,1851,20260512,648000.0,cod,chua_thanh_toan,CHO_XU_LY,2026-05-12 12:27:54
1852,1852,20260512,13050000.0,cod,chua_thanh_toan,CHO_XU_LY,2026-05-12 16:11:04
1853,1853,20260512,7130000.0,cod,chua_thanh_toan,CHO_XU_LY,2026-05-12 17:39:38
1854,1854,20260512,11640000.0,momo,da_thanh_toan,KHOP,2026-05-12 23:42:51
1855,1855,20260513,960000.0,cod,da_thanh_toan,CHO_XU_LY,2026-05-13 05:39:02
1856,1856,20260513,5350000.0,cod,da_thanh_toan,CHO_XU_LY,2026-05-13 08:53:47
1857,1857,20260513,5570000.0,momo,da_thanh_toan,KHOP,2026-05-13 08:49:11
1858,1858,20260513,318000.0,banking,da_thanh_toan,KHOP,2026-05-13 09:29:13
1859,1859,20260513,26400000.0,banking,da_thanh_toan,CHO_XU_LY,2026-05-13 22:26:06
1860,1860,20260514,2180000.0,banking,hoan_tien,KHOP,2026-05-14 13:22:34
1861,1861,20260514,18600000.0,banking,that_bai,KHOP,2026-05-14 17:05:26
1862,1862,20260514,920000.0,cod,chua_thanh_toan,CHO_XU_LY,2026-05-14 18:49:20
1863,1863,20260514,7160000.0,cod,chua_thanh_toan,CHO_XU_LY,2026-05-14 20:34:05
1864,1864,20260514,1110000.0,banking,da_thanh_toan,KHOP,2026-05-14 22:17:28
1865,1865,20260515,14570000.0,cod,da_thanh_toan,CHO_XU_LY,2026-05-15 05:57:48
1866,1866,20260515,9120000.0,cod,chua_thanh_toan,CHO_XU_LY,2026-05-15 05:42:13
1867,1867,20260515,3380000.0,cod,da_thanh_toan,CHO_XU_LY,2026-05-15 08:41:29
1868,1868,20260515,6970000.0,momo,da_thanh_toan,KHOP,2026-05-15 11:36:09
1869,1869,20260515,3060000.0,cod,da_thanh_toan,CHO_XU_LY,2026-05-15 14:04:14
1870,1870,20260515,11150000.0,banking,da_thanh_toan,KHOP,2026-05-15 15:14:52
1871,1871,20260515,12540000.0,banking,da_thanh_toan,KHOP,2026-05-15 16:32:02
1872,1872,20260516,5800000.0,banking,da_thanh_toan,KHOP,2026-05-16 00:08:13
1873,1873,20260516,1680000.0,momo,da_thanh_toan,KHOP,2026-05-16 01:55:18
1874,1874,20260516,1500000.0,cod,chua_thanh_toan,CHO_XU_LY,2026-05-16 03:27:21
1875,1875,20260516,11060000.0,cod,da_thanh_toan,CHO_XU_LY,2026-05-16 06:06:21
1876,1876,20260516,1060000.0,cod,chua_thanh_toan,CHO_XU_LY,2026-05-16 07:56:53
1877,1877,20260516,1332000.0,cod,chua_thanh_toan,CHO_XU_LY,2026-05-16 11:38:09
1878,1878,20260516,12069000.0,banking,da_thanh_toan,KHOP,2026-05-16 14:52:46
1879,1879,20260516,1070000.0,momo,da_thanh_toan,KHOP,2026-05-16 17:53:23
1880,1880,20260516,5350000.0,cod,chua_thanh_toan,CHO_XU_LY,2026-05-16 19:05:02
1881,1881,20260516,16190000.0,cod,chua_thanh_toan,CHO_XU_LY,2026-05-16 20:20:33
1882,1882,20260516,1210000.0,cod,chua_thanh_toan,CHO_XU_LY,2026-05-16 21:52:06
1883,1883,20260516,18220000.0,banking,hoan_tien,KHOP,2026-05-16 23:36:40
1884,1884,20260517,4300000.0,cod,chua_thanh_toan,CHO_XU_LY,2026-05-17 00:18:31
1885,1885,20260517,8280000.0,cod,da_thanh_toan,CHO_XU_LY,2026-05-17 05:12:18
1886,1886,20260517,3170000.0,cod,da_thanh_toan,CHO_XU_LY,2026-05-17 07:01:59
1887,1887,20260517,5742000.0,banking,da_thanh_toan,KHOP,2026-05-17 16:46:23
1888,1888,20260518,8580000.0,momo,da_thanh_toan,CHO_XU_LY,2026-05-18 03:57:35
1889,1889,20260518,970000.0,banking,chua_thanh_toan,KHOP,2026-05-18 03:35:35
1890,1890,20260518,5800000.0,banking,da_thanh_toan,KHOP,2026-05-18 05:50:58
1891,1891,20260518,1140000.0,banking,da_thanh_toan,KHOP,2026-05-18 07:50:59
1892,1892,20260518,2520000.0,cod,da_thanh_toan,CHO_XU_LY,2026-05-18 17:33:58
1893,1893,20260518,19600000.0,banking,da_thanh_toan,KHOP,2026-05-18 17:19:34
1894,1894,20260518,7560000.0,banking,da_thanh_toan,KHOP,2026-05-18 19:20:17
1895,1895,20260518,9350000.0,cod,hoan_tien,CHO_XU_LY,2026-05-18 20:31:43
1896,1896,20260518,1780000.0,banking,da_thanh_toan,KHOP,2026-05-18 19:18:04
1897,1897,20260519,4670000.0,cod,da_thanh_toan,CHO_XU_LY,2026-05-19 02:54:05
1898,1898,20260519,4392000.0,cod,da_thanh_toan,CHO_XU_LY,2026-05-19 03:05:37
1899,1899,20260519,1602000.0,cod,hoan_tien,CHO_XU_LY,2026-05-19 03:15:56
1900,1900,20260519,6840000.0,cod,da_thanh_toan,CHO_XU_LY,2026-05-19 08:41:55
1901,1901,20260519,10070000.0,cod,chua_thanh_toan,CHO_XU_LY,2026-05-19 09:44:37
1902,1902,20260519,8130000.0,cod,da_thanh_toan,CHO_XU_LY,2026-05-19 11:10:03
1903,1903,20260519,7270000.0,cod,chua_thanh_toan,CHO_XU_LY,2026-05-19 12:19:35
1904,1904,20260520,3951000.0,banking,da_thanh_toan,KHOP,2026-05-20 00:52:10
1905,1905,20260520,2412000.0,banking,da_thanh_toan,KHOP,2026-05-20 03:11:38
1906,1906,20260520,6690000.0,cod,da_thanh_toan,CHO_XU_LY,2026-05-20 09:20:16
1907,1907,20260520,880000.0,banking,da_thanh_toan,CHO_XU_LY,2026-05-20 09:44:37
1908,1908,20260520,11583000.0,cod,da_thanh_toan,CHO_XU_LY,2026-05-20 10:13:22
1909,1909,20260520,4180000.0,cod,chua_thanh_toan,CHO_XU_LY,2026-05-20 10:45:21
1910,1910,20260520,5780000.0,cod,da_thanh_toan,CHO_XU_LY,2026-05-20 11:02:06
1911,1911,20260520,1890000.0,cod,da_thanh_toan,CHO_XU_LY,2026-05-20 12:09:34
1912,1912,20260520,310000.0,banking,da_thanh_toan,KHOP,2026-05-20 15:20:51
1913,1913,20260520,10000000.0,banking,da_thanh_toan,KHOP,2026-05-20 15:37:35
1914,1914,20260520,2340000.0,banking,da_thanh_toan,KHOP,2026-05-20 17:09:51
1915,1915,20260521,2988000.0,momo,da_thanh_toan,KHOP,2026-05-21 15:08:32
1916,1916,20260521,10210000.0,banking,da_thanh_toan,KHOP,2026-05-21 16:47:34
1917,1917,20260521,2260000.0,cod,da_thanh_toan,CHO_XU_LY,2026-05-21 19:47:52
1918,1918,20260522,2900000.0,cod,chua_thanh_toan,CHO_XU_LY,2026-05-22 07:07:52
1919,1919,20260522,5320000.0,momo,da_thanh_toan,KHOP,2026-05-22 08:50:33
1920,1920,20260522,12540000.0,cod,da_thanh_toan,CHO_XU_LY,2026-05-22 08:54:04
1921,1921,20260522,3726000.0,banking,da_thanh_toan,KHOP,2026-05-22 09:15:16
1922,1922,20260522,2570000.0,cod,chua_thanh_toan,CHO_XU_LY,2026-05-22 14:38:41
1923,1923,20260522,4725000.0,banking,da_thanh_toan,KHOP,2026-05-22 14:38:03
1924,1924,20260522,4770000.0,momo,chua_thanh_toan,KHOP,2026-05-22 14:36:48
1925,1925,20260522,5250000.0,banking,da_thanh_toan,KHOP,2026-05-22 16:05:50
1926,1926,20260523,4790000.0,cod,da_thanh_toan,CHO_XU_LY,2026-05-23 02:12:55
1927,1927,20260523,2890000.0,cod,da_thanh_toan,CHO_XU_LY,2026-05-23 04:02:24
1928,1928,20260523,4420000.0,cod,chua_thanh_toan,CHO_XU_LY,2026-05-23 08:27:58
1929,1929,20260523,4110000.0,cod,da_thanh_toan,CHO_XU_LY,2026-05-23 12:32:25
1930,1930,20260523,693000.0,momo,da_thanh_toan,KHOP,2026-05-23 22:50:58
1931,1931,20260523,1512000.0,cod,hoan_tien,CHO_XU_LY,2026-05-23 23:00:44
1932,1932,20260524,6950000.0,cod,da_thanh_toan,CHO_XU_LY,2026-05-24 08:59:37
1933,1933,20260524,1100000.0,cod,chua_thanh_toan,CHO_XU_LY,2026-05-24 08:27:16
1934,1934,20260524,17080000.0,cod,da_thanh_toan,CHO_XU_LY,2026-05-24 10:07:07
1935,1935,20260524,16580000.0,cod,chua_thanh_toan,CHO_XU_LY,2026-05-24 15:28:45
1936,1936,20260525,11000000.0,cod,da_thanh_toan,CHO_XU_LY,2026-05-25 01:42:33
1937,1937,20260525,450000.0,banking,da_thanh_toan,KHOP,2026-05-25 07:20:56
1938,1938,20260525,2010000.0,cod,da_thanh_toan,CHO_XU_LY,2026-05-25 16:42:01
1939,1939,20260525,4410000.0,banking,da_thanh_toan,SAI_LECH,2026-05-25 15:45:14
1940,1940,20260526,1860000.0,cod,da_thanh_toan,CHO_XU_LY,2026-05-26 02:31:13
1941,1941,20260526,1830000.0,momo,da_thanh_toan,CHO_XU_LY,2026-05-26 03:02:41
1942,1942,20260526,2380000.0,banking,chua_thanh_toan,KHOP,2026-05-26 12:32:56
1943,1943,20260526,2460000.0,momo,da_thanh_toan,KHOP,2026-05-26 13:56:18
1944,1944,20260526,2400000.0,cod,da_thanh_toan,CHO_XU_LY,2026-05-26 18:31:32
1945,1945,20260526,3900000.0,cod,da_thanh_toan,CHO_XU_LY,2026-05-26 18:52:35
1946,1946,20260527,7560000.0,cod,da_thanh_toan,CHO_XU_LY,2026-05-27 01:17:05
1947,1947,20260527,3670000.0,cod,chua_thanh_toan,CHO_XU_LY,2026-05-27 00:04:29
1948,1948,20260527,5796000.0,banking,da_thanh_toan,KHOP,2026-05-27 11:51:14
1949,1949,20260527,10710000.0,banking,da_thanh_toan,KHOP,2026-05-27 13:06:50
1950,1950,20260527,7640000.0,momo,da_thanh_toan,KHOP,2026-05-27 18:48:16
1951,1951,20260527,580000.0,cod,chua_thanh_toan,CHO_XU_LY,2026-05-27 21:35:49
1952,1952,20260527,6850000.0,cod,da_thanh_toan,CHO_XU_LY,2026-05-27 23:30:05
1953,1953,20260527,1674000.0,cod,da_thanh_toan,CHO_XU_LY,2026-05-27 22:24:47
1954,1954,20260527,250000.0,cod,da_thanh_toan,CHO_XU_LY,2026-05-27 22:42:34
1955,1955,20260528,20940000.0,cod,chua_thanh_toan,CHO_XU_LY,2026-05-28 00:13:27
1956,1956,20260528,1860000.0,cod,da_thanh_toan,CHO_XU_LY,2026-05-28 12:49:42
1957,1957,20260528,10750000.0,cod,chua_thanh_toan,CHO_XU_LY,2026-05-28 14:40:48
1958,1958,20260528,6010000.0,banking,da_thanh_toan,KHOP,2026-05-28 23:18:18
1959,1959,20260529,5040000.0,banking,da_thanh_toan,KHOP,2026-05-29 02:07:49
1960,1960,20260529,10200000.0,banking,da_thanh_toan,KHOP,2026-05-29 08:00:40
1961,1961,20260529,12520000.0,cod,da_thanh_toan,CHO_XU_LY,2026-05-29 09:18:05
1962,1962,20260529,4310000.0,momo,da_thanh_toan,KHOP,2026-05-29 14:14:11
1963,1963,20260529,865000.0,cod,da_thanh_toan,CHO_XU_LY,2026-05-29 18:37:30
1964,1964,20260529,8445000.0,momo,da_thanh_toan,CHO_XU_LY,2026-05-29 21:34:32
1965,1965,20260529,5319000.0,banking,da_thanh_toan,CHO_XU_LY,2026-05-29 21:28:44
1966,1966,20260530,690000.0,cod,chua_thanh_toan,CHO_XU_LY,2026-05-30 00:30:41
1967,1967,20260530,920000.0,momo,da_thanh_toan,KHOP,2026-05-30 01:37:24
1968,1968,20260530,2200000.0,cod,da_thanh_toan,CHO_XU_LY,2026-05-30 02:00:24
1969,1969,20260530,680000.0,cod,da_thanh_toan,CHO_XU_LY,2026-05-30 02:11:29
1970,1970,20260530,840000.0,banking,da_thanh_toan,KHOP,2026-05-30 03:42:01
1971,1971,20260530,16800000.0,momo,da_thanh_toan,KHOP,2026-05-30 06:28:59
1972,1972,20260530,3300000.0,cod,da_thanh_toan,CHO_XU_LY,2026-05-30 13:50:30
1973,1973,20260530,1980000.0,cod,hoan_tien,CHO_XU_LY,2026-05-30 13:44:19
1974,1974,20260530,2700000.0,cod,da_thanh_toan,CHO_XU_LY,2026-05-30 21:05:23
1975,1975,20260531,5530000.0,cod,da_thanh_toan,CHO_XU_LY,2026-05-31 03:59:52
1976,1976,20260531,13842000.0,banking,da_thanh_toan,KHOP,2026-05-31 05:26:44
1977,1977,20260531,5190000.0,banking,hoan_tien,KHOP,2026-05-31 09:03:48
1978,1978,20260531,12910000.0,cod,chua_thanh_toan,CHO_XU_LY,2026-05-31 09:47:00
1979,1979,20260531,3400000.0,cod,da_thanh_toan,CHO_XU_LY,2026-05-31 17:41:39
1980,1980,20260531,1350000.0,cod,da_thanh_toan,CHO_XU_LY,2026-05-31 19:46:04
1981,1981,20260531,2930000.0,banking,da_thanh_toan,KHOP,2026-05-31 20:33:36
1982,1982,20260531,2480000.0,cod,da_thanh_toan,CHO_XU_LY,2026-05-31 22:42:27
1983,1983,20260531,2850000.0,momo,da_thanh_toan,KHOP,2026-05-31 23:26:00
1984,1984,20260601,2190000.0,cod,da_thanh_toan,CHO_XU_LY,2026-06-01 01:04:58
1985,1985,20260601,15930000.0,momo,da_thanh_toan,CHO_XU_LY,2026-06-01 02:43:04
1986,1986,20260601,540000.0,cod,chua_thanh_toan,CHO_XU_LY,2026-06-01 04:22:30
1987,1987,20260601,1780000.0,banking,hoan_tien,KHOP,2026-06-01 08:09:30
1988,1988,20260601,14013000.0,cod,da_thanh_toan,CHO_XU_LY,2026-06-01 10:22:48
1989,1989,20260601,2460000.0,banking,da_thanh_toan,KHOP,2026-06-01 16:51:08
1990,1990,20260601,3546000.0,cod,da_thanh_toan,CHO_XU_LY,2026-06-01 23:36:17
1991,1991,20260602,16700000.0,cod,chua_thanh_toan,CHO_XU_LY,2026-06-02 01:09:46
1992,1992,20260602,1120000.0,momo,da_thanh_toan,KHOP,2026-06-02 09:03:01
1993,1993,20260602,2910000.0,cod,da_thanh_toan,CHO_XU_LY,2026-06-02 09:51:34
1994,1994,20260602,210000.0,banking,da_thanh_toan,KHOP,2026-06-02 12:49:17
1995,1995,20260602,4630000.0,cod,chua_thanh_toan,CHO_XU_LY,2026-06-02 13:56:02
1996,1996,20260602,7880000.0,cod,chua_thanh_toan,CHO_XU_LY,2026-06-02 12:47:08
1997,1997,20260602,2290000.0,momo,da_thanh_toan,KHOP,2026-06-02 12:55:18
1998,1998,20260602,2700000.0,momo,da_thanh_toan,KHOP,2026-06-02 13:27:39
1999,1999,20260602,3010000.0,cod,chua_thanh_toan,CHO_XU_LY,2026-06-02 22:15:50
